lat,lon,sz,names
43.633626,-79.3524614,2,"""Lakeshore Avenue"" (874)"
43.6334651,-79.3526902,2,"""Lakeshore Avenue"" (661)"
43.6332366,-79.3528723,2,"""Lakeshore Avenue"" (876)"
43.6333869,-79.3527525,2,"""Lakeshore Avenue"" (515)"
43.6333869,-79.3527525,2,"""Lakeshore Avenue"" (642)"
43.6333869,-79.3527525,2,"""Lakeshore Avenue"" (51)"
43.6333869,-79.3527525,2,"""Lakeshore Avenue"" (241)"
43.6334651,-79.3526902,2,"""Lakeshore Avenue"" (875)"
43.633626,-79.3524614,2,"""Lakeshore Avenue"" (660)"
43.6332366,-79.3528723,2,"""Lakeshore Avenue"" (662)"
43.6303514,-79.355191,2,"""Willow Avenue"" (696)"
43.6313795,-79.3576509,2,"""Ward\'s Island Dock Line"" (1)"
43.6300803,-79.3552261,2,"""Lenore Avenue"" (407)"
43.6313358,-79.357393,2,"""Ward\'s Island Dock Line"" (918)"
43.6306215,-79.3550538,2,"""Willow Avenue"" (691)"
43.6315407,-79.3568915,2,"""Cibola Avenue"" (385)"
43.6300718,-79.3580282,2,"""Seneca Avenue"" (273)"
43.6315407,-79.3568915,2,"""Cibola Avenue"" (167)"
43.6314636,-79.3569417,2,"""Cibola Avenue"" (169)"
43.6324037,-79.3552889,2,"""Fourth Street"" (218)"
43.6322077,-79.3549822,2,"""Fourth Street"" (222)"
43.6303239,-79.3549828,2,"""Willow Avenue"" (127)"
43.6300803,-79.3552261,2,"""Willow Avenue"" (129)"
43.631507,-79.3565556,2,"""Cibola Avenue"" (161)"
43.6302582,-79.3550177,2,"""Willow Avenue"" (246)"
43.6300718,-79.3580282,2,"""Nain Avenue"" (231)"
43.6301556,-79.3579382,2,"""Seneca Avenue"" (270)"
43.6315718,-79.3566558,2,"""Cibola Avenue"" (381)"
43.6315849,-79.3567214,2,"""Cibola Avenue"" (382)"
43.6315849,-79.3567214,2,"""Cibola Avenue"" (164)"
43.6312786,-79.3574301,2,"""Ward\'s Island Dock Line"" (914)"
43.6300718,-79.3580282,2,"""Seneca Avenue"" (820)"
43.6306098,-79.3548893,2,"""Willow Avenue"" (125)"
43.6313685,-79.3570335,2,"""Ward\'s Island Dock Line"" (921)"
43.6300718,-79.3580282,2,"""Seneca Avenue"" (819)"
43.6313358,-79.357393,2,"""Ward\'s Island Dock Line"" (706)"
43.6300718,-79.3580282,2,"""Seneca Avenue"" (271)"
43.6313795,-79.3576509,2,"""Ward\'s Island Dock Line"" (916)"
43.6313685,-79.3570335,2,"""Ward\'s Island Dock Line"" (709)"
43.6313509,-79.3575194,2,"""Ward\'s Island Dock Line"" (917)"
43.6301556,-79.3579382,2,"""Seneca Avenue"" (818)"
43.6303712,-79.3551859,2,"""Willow Avenue"" (909)"
43.6312786,-79.3574301,2,"""Ward\'s Island Dock Line"" (700)"
43.630057,-79.3580045,2,"""Nain Avenue"" (766)"
43.6304342,-79.3551418,2,"""Willow Avenue"" (694)"
43.6304696,-79.3549136,2,"""Willow Avenue"" (244)"
43.6313434,-79.3571984,2,"""Ward\'s Island Dock Line"" (708)"
43.6313795,-79.3576509,2,"""Ward\'s Island Dock Line"" (53)"
43.6313434,-79.3571984,2,"""Ward\'s Island Dock Line"" (920)"
43.6314159,-79.3577684,2,"""Ward\'s Island Dock Line"" (2)"
43.630057,-79.3580045,2,"""Nain Avenue"" (230)"
43.6313509,-79.3575194,2,"""Ward\'s Island Dock Line"" (705)"
43.6314159,-79.3577684,2,"""Ward\'s Island Dock Line"" (54)"
43.6320332,-79.3545662,2,"""Fourth Street"" (223)"
43.6313355,-79.3572962,2,"""Ward\'s Island Dock Line"" (707)"
43.6304342,-79.3551418,2,"""Willow Avenue"" (908)"
43.6306215,-79.3550538,2,"""Willow Avenue"" (905)"
43.6306098,-79.3548893,2,"""Willow Avenue"" (243)"
43.6304022,-79.3549455,2,"""Willow Avenue"" (758)"
43.6300395,-79.358074,2,"""Seneca Avenue"" (821)"
43.6303239,-79.3549828,2,"""Willow Avenue"" (245)"
43.6300395,-79.358074,2,"""Seneca Avenue"" (274)"
43.631507,-79.3565556,2,"""Cibola Avenue"" (379)"
43.631545,-79.3565988,2,"""Cibola Avenue"" (380)"
43.631505,-79.3569248,2,"""Cibola Avenue"" (386)"
43.6324037,-79.3552889,2,"""Fourth Street"" (29)"
43.6323051,-79.3552961,2,"""Fourth Street"" (38)"
43.6320332,-79.3545662,2,"""Fourth Street"" (42)"
43.631455,-79.3565371,2,"""Cibola Avenue"" (160)"
43.6314636,-79.3569417,2,"""Cibola Avenue"" (402)"
43.6303514,-79.355191,2,"""Willow Avenue"" (910)"
43.6300718,-79.3580282,2,"""Nain Avenue"" (767)"
43.6303712,-79.3551859,2,"""Willow Avenue"" (695)"
43.6305962,-79.3551065,2,"""Willow Avenue"" (693)"
43.6306158,-79.3550887,2,"""Willow Avenue"" (692)"
43.630335,-79.3551717,2,"""Willow Avenue"" (697)"
43.6315832,-79.3567893,2,"""Cibola Avenue"" (383)"
43.6314636,-79.3569417,2,"""Cibola Avenue"" (401)"
43.6313795,-79.3576509,2,"""Ward\'s Island Dock Line"" (704)"
43.6305962,-79.3551065,2,"""Willow Avenue"" (907)"
43.6304022,-79.3549455,2,"""Willow Avenue"" (29)"
43.6315676,-79.3568449,2,"""Cibola Avenue"" (384)"
43.631455,-79.3565371,2,"""Cibola Avenue"" (378)"
43.6313795,-79.3576509,2,"""Ward\'s Island Dock Line"" (915)"
43.6313355,-79.3572962,2,"""Ward\'s Island Dock Line"" (919)"
43.6323051,-79.3552961,2,"""Fourth Street"" (219)"
43.6322642,-79.3551464,2,"""Fourth Street"" (220)"
43.6313795,-79.3576509,2,"""Ward\'s Island Dock Line"" (701)"
43.631545,-79.3565988,2,"""Cibola Avenue"" (162)"
43.6315832,-79.3567893,2,"""Cibola Avenue"" (165)"
43.6315676,-79.3568449,2,"""Cibola Avenue"" (166)"
43.631505,-79.3569248,2,"""Cibola Avenue"" (168)"
43.6314636,-79.3569417,2,"""Cibola Avenue"" (183)"
43.630335,-79.3551717,2,"""Willow Avenue"" (911)"
43.6306158,-79.3550887,2,"""Willow Avenue"" (906)"
43.6314636,-79.3569417,2,"""Cibola Avenue"" (387)"
43.6326489,-79.3541054,2,"""Second Street"" (949)"
43.6322338,-79.3550561,2,"""Fourth Street"" (221)"
43.6315718,-79.3566558,2,"""Cibola Avenue"" (163)"
43.6314636,-79.3569417,2,"""Cibola Avenue"" (184)"
43.6304696,-79.3549136,2,"""Willow Avenue"" (126)"
43.6300803,-79.3552261,2,"""Lenore Avenue"" (249)"
43.6322642,-79.3551464,2,"""Fourth Street"" (39)"
43.6322338,-79.3550561,2,"""Fourth Street"" (40)"
43.6322077,-79.3549822,2,"""Fourth Street"" (41)"
43.6300803,-79.3552261,2,"""Willow Avenue"" (247)"
43.6326489,-79.3541054,2,"""Second Street"" (990)"
43.6302582,-79.3550177,2,"""Willow Avenue"" (128)"
43.6384818,-79.4704667,2,"""Swansea Mews"" (40)"
43.6381123,-79.4702259,2,"""Swansea Mews"" (270)"
43.6386231,-79.470599,2,"""Swansea Mews"" (38)"
43.638302,-79.4703299,2,"""Swansea Mews"" (42)"
43.6380854,-79.4702343,2,"""Swansea Mews"" (48)"
43.638847,-79.4709004,2,"""Swansea Mews"" (258)"
43.6388102,-79.4708566,2,"""Swansea Mews"" (259)"
43.6386853,-79.4706502,2,"""Swansea Mews"" (261)"
43.6381666,-79.47024,2,"""Swansea Mews"" (268)"
43.6380989,-79.4702285,2,"""Swansea Mews"" (271)"
43.6380854,-79.4702343,2,"""Swansea Mews"" (272)"
43.6385491,-79.4705254,2,"""Swansea Mews"" (39)"
43.6380989,-79.4702285,2,"""Swansea Mews"" (47)"
43.6382348,-79.4702964,2,"""Swansea Mews"" (267)"
43.6389577,-79.4709393,2,"""Swansea Mews"" (33)"
43.6386853,-79.4706502,2,"""Swansea Mews"" (37)"
43.6382348,-79.4702964,2,"""Swansea Mews"" (43)"
43.6381666,-79.47024,2,"""Swansea Mews"" (44)"
43.6381123,-79.4702259,2,"""Swansea Mews"" (46)"
43.6380677,-79.4702564,2,"""Swansea Mews"" (49)"
43.6381349,-79.4702276,2,"""Swansea Mews"" (269)"
43.638847,-79.4709004,2,"""Swansea Mews"" (34)"
43.6383626,-79.4703701,2,"""Swansea Mews"" (41)"
43.6380677,-79.4702564,2,"""Swansea Mews"" (273)"
43.638302,-79.4703299,2,"""Swansea Mews"" (266)"
43.6385491,-79.4705254,2,"""Swansea Mews"" (263)"
43.6384818,-79.4704667,2,"""Swansea Mews"" (264)"
43.6383626,-79.4703701,2,"""Swansea Mews"" (265)"
43.6388102,-79.4708566,2,"""Swansea Mews"" (35)"
43.6387505,-79.4707698,2,"""Swansea Mews"" (36)"
43.6381349,-79.4702276,2,"""Swansea Mews"" (45)"
43.6389577,-79.4709393,2,"""Swansea Mews"" (257)"
43.6387505,-79.4707698,2,"""Swansea Mews"" (260)"
43.6386231,-79.470599,2,"""Swansea Mews"" (262)"
43.6299106,-79.3590481,2,"""Seneca Avenue"" (279)"
43.6271119,-79.3586264,2,"""Omaha Avenue"" (275)"
43.6290136,-79.357549,2,"""Nain Avenue"" (711)"
43.6284242,-79.3606474,2,"""Seneca Avenue"" (488)"
43.6272478,-79.3585148,2,"""Oneida Avenue"" (550)"
43.6278228,-79.3579555,2,"""Algonquin Bridge Road"" (415)"
43.6278228,-79.3579555,2,"""Algonquin Bridge Road"" (211)"
43.6298285,-79.3555143,2,"""Willow Avenue"" (130)"
43.6298925,-79.3549695,2,"""Lenore Avenue"" (250)"
43.6261121,-79.3597015,2,"""Omaha Avenue"" (271)"
43.6278769,-79.3580564,2,"""Omaha Avenue"" (278)"
43.6285277,-79.3576267,2,"""Nottawa Avenue"" (284)"
43.6285692,-79.3576596,2,"""Nottawa Avenue"" (285)"
43.6286031,-79.3577064,2,"""Nottawa Avenue"" (286)"
43.6295675,-79.3594074,2,"""Nottawa Avenue"" (289)"
43.626099,-79.3597934,2,"""Wyandot Avenue"" (312)"
43.6261107,-79.3598371,2,"""Wyandot Avenue"" (313)"
43.6278228,-79.3579555,2,"""Ojibway Avenue"" (347)"
43.6286031,-79.3577064,2,"""Nottawa Avenue"" (773)"
43.6272339,-79.3617993,2,"""Wyandot Avenue"" (0)"
43.6261121,-79.3597015,2,"""Omaha Avenue"" (350)"
43.626099,-79.3597934,2,"""Wyandot Avenue"" (996)"
43.6298015,-79.3576277,2,"""Nain Avenue"" (764)"
43.6292083,-79.3575499,2,"""Nain Avenue"" (758)"
43.6292342,-79.3574958,2,"""Nain Avenue"" (224)"
43.6299732,-79.3587915,2,"""Seneca Avenue"" (278)"
43.6299252,-79.3582099,2,"""Seneca Avenue"" (822)"
43.6295746,-79.3573191,2,"""Nain Avenue"" (763)"
43.6290136,-79.357549,2,"""Nain Avenue"" (923)"
43.6290136,-79.357549,2,"""Nain Avenue"" (756)"
43.6298767,-79.357745,2,"""Nain Avenue"" (765)"
43.6298609,-79.3591019,2,"""Seneca Avenue"" (341)"
43.6271119,-79.3586264,2,"""Omaha Avenue"" (354)"
43.6275481,-79.3582877,2,"""Omaha Avenue"" (356)"
43.6285277,-79.3576267,2,"""Nottawa Avenue"" (771)"
43.6287131,-79.3578607,2,"""Nottawa Avenue"" (774)"
43.6295675,-79.3594074,2,"""Seneca Avenue"" (490)"
43.6284242,-79.3606474,2,"""Oneida Avenue"" (551)"
43.6266419,-79.3591385,2,"""Dacotah Avenue"" (552)"
43.6298285,-79.3555143,2,"""Willow Avenue"" (248)"
43.6296398,-79.3557278,2,"""Willow Avenue"" (249)"
43.6298609,-79.3591019,2,"""Seneca Avenue"" (491)"
43.6290136,-79.357549,2,"""Omaha Avenue"" (281)"
43.6260989,-79.3597503,2,"""Wyandot Avenue"" (995)"
43.6272005,-79.3617521,2,"""Wyandot Avenue"" (999)"
43.6273023,-79.3618348,2,"""Wyandot Avenue"" (2)"
43.6273495,-79.361803,2,"""Seneca Avenue"" (486)"
43.6290359,-79.3556589,2,"""Robin Avenue"" (594)"
43.6299106,-79.3590481,2,"""Seneca Avenue"" (826)"
43.6287131,-79.3578607,2,"""Nain Avenue"" (712)"
43.6299252,-79.3582099,2,"""Seneca Avenue"" (275)"
43.6284926,-79.357624,2,"""Nottawa Avenue"" (283)"
43.6290359,-79.3556589,2,"""Robin Avenue"" (105)"
43.6292279,-79.357509,2,"""Nain Avenue"" (223)"
43.6298767,-79.357745,2,"""Nain Avenue"" (229)"
43.6273273,-79.3618235,2,"""Wyandot Avenue"" (3)"
43.6260989,-79.3597503,2,"""Omaha Avenue"" (349)"
43.6272478,-79.3585148,2,"""Omaha Avenue"" (355)"
43.6284926,-79.357624,2,"""Omaha Avenue"" (359)"
43.6287131,-79.3578607,2,"""Omaha Avenue"" (361)"
43.6272654,-79.3618237,2,"""Wyandot Avenue"" (1)"
43.6299128,-79.3585218,2,"""Seneca Avenue"" (277)"
43.6295675,-79.3594074,2,"""Nottawa Avenue"" (776)"
43.6278769,-79.3580564,2,"""Omaha Avenue"" (357)"
43.6284926,-79.357624,2,"""Nottawa Avenue"" (770)"
43.6278228,-79.3579555,2,"""Ojibway Avenue"" (966)"
43.6278404,-79.3612505,2,"""Dacotah Avenue"" (553)"
43.6296398,-79.3557278,2,"""Willow Avenue"" (131)"
43.6298925,-79.3549695,2,"""Lenore Avenue"" (408)"
43.6287131,-79.3578607,2,"""Omaha Avenue"" (282)"
43.6273495,-79.361803,2,"""Seneca Avenue"" (336)"
43.6260989,-79.3597503,2,"""Omaha Avenue"" (270)"
43.6287131,-79.3578607,2,"""Nottawa Avenue"" (287)"
43.6284242,-79.3606474,2,"""Oneida Avenue"" (351)"
43.6266419,-79.3591385,2,"""Omaha Avenue"" (273)"
43.627156,-79.3616739,2,"""Wyandot Avenue"" (314)"
43.6278769,-79.3580564,2,"""Ojibway Avenue"" (348)"
43.6261395,-79.3596671,2,"""Omaha Avenue"" (272)"
43.6272339,-79.3617993,2,"""Wyandot Avenue"" (316)"
43.6295675,-79.3594074,2,"""Seneca Avenue"" (340)"
43.6289407,-79.3582936,2,"""Nottawa Avenue"" (288)"
43.6289943,-79.3600198,2,"""Seneca Avenue"" (339)"
43.6272478,-79.3585148,2,"""Omaha Avenue"" (276)"
43.6284926,-79.357624,2,"""Omaha Avenue"" (280)"
43.6273023,-79.3618348,2,"""Wyandot Avenue"" (318)"
43.6275481,-79.3582877,2,"""Omaha Avenue"" (277)"
43.6260989,-79.3597503,2,"""Wyandot Avenue"" (311)"
43.6272005,-79.3617521,2,"""Wyandot Avenue"" (315)"
43.6272654,-79.3618237,2,"""Wyandot Avenue"" (317)"
43.6273495,-79.361803,2,"""Wyandot Avenue"" (320)"
43.6272478,-79.3585148,2,"""Oneida Avenue"" (350)"
43.6278404,-79.3612505,2,"""Dacotah Avenue"" (353)"
43.6292545,-79.357292,2,"""Nain Avenue"" (761)"
43.629395,-79.357252,2,"""Nain Avenue"" (226)"
43.6299091,-79.3583981,2,"""Seneca Avenue"" (276)"
43.6261395,-79.3596671,2,"""Omaha Avenue"" (351)"
43.6290953,-79.3575418,2,"""Nain Avenue"" (757)"
43.6292279,-79.357509,2,"""Nain Avenue"" (759)"
43.6292342,-79.3574958,2,"""Nain Avenue"" (760)"
43.6289699,-79.3554155,2,"""Robin Avenue"" (595)"
43.6292083,-79.3575499,2,"""Nain Avenue"" (222)"
43.6298015,-79.3576277,2,"""Nain Avenue"" (228)"
43.626748,-79.3590211,2,"""Omaha Avenue"" (274)"
43.6282262,-79.3578201,2,"""Omaha Avenue"" (279)"
43.6284242,-79.3606474,2,"""Seneca Avenue"" (338)"
43.6290953,-79.3575418,2,"""Nain Avenue"" (221)"
43.6266419,-79.3591385,2,"""Omaha Avenue"" (352)"
43.6289943,-79.3600198,2,"""Seneca Avenue"" (489)"
43.626748,-79.3590211,2,"""Omaha Avenue"" (353)"
43.6289407,-79.3582936,2,"""Nottawa Avenue"" (775)"
43.629065,-79.355742,2,"""Robin Avenue"" (104)"
43.6292545,-79.357292,2,"""Nain Avenue"" (225)"
43.6285692,-79.3576596,2,"""Nottawa Avenue"" (772)"
43.6289943,-79.3600198,2,"""Ojibway Avenue"" (971)"
43.6287131,-79.3578607,2,"""Nain Avenue"" (924)"
43.629065,-79.355742,2,"""Robin Avenue"" (593)"
43.6289943,-79.3600198,2,"""Ojibway Avenue"" (349)"
43.6299128,-79.3585218,2,"""Seneca Avenue"" (824)"
43.6299091,-79.3583981,2,"""Seneca Avenue"" (823)"
43.6278404,-79.3612505,2,"""Seneca Avenue"" (337)"
43.6266419,-79.3591385,2,"""Dacotah Avenue"" (352)"
43.6290136,-79.357549,2,"""Nain Avenue"" (220)"
43.6299732,-79.3587915,2,"""Seneca Avenue"" (825)"
43.6289699,-79.3554155,2,"""Robin Avenue"" (106)"
43.6295746,-79.3573191,2,"""Nain Avenue"" (227)"
43.6273273,-79.3618235,2,"""Wyandot Avenue"" (319)"
43.6273495,-79.361803,2,"""Wyandot Avenue"" (4)"
43.6282262,-79.3578201,2,"""Omaha Avenue"" (358)"
43.6261107,-79.3598371,2,"""Wyandot Avenue"" (997)"
43.627156,-79.3616739,2,"""Wyandot Avenue"" (998)"
43.6278404,-79.3612505,2,"""Seneca Avenue"" (487)"
43.6278769,-79.3580564,2,"""Ojibway Avenue"" (969)"
43.629395,-79.357252,2,"""Nain Avenue"" (762)"
43.6290136,-79.357549,2,"""Omaha Avenue"" (360)"
43.618085,-79.3721932,2,"""Fountain Trail"" (746)"
43.6180029,-79.3722983,2,"""Fountain Trail"" (745)"
43.618085,-79.3721932,2,"""Fountain Trail"" (210)"
43.6180029,-79.3722983,2,"""Fountain Trail"" (209)"
43.6250422,-79.3829451,2,"""Island Marina Drive"" (663)"
43.6236136,-79.3819281,2,"""Island Marina Drive"" (640)"
43.6222292,-79.3793892,2,"""Avenue Of The Islands"" (946)"
43.6227405,-79.3798628,2,"""Avenue Of The Islands"" (953)"
43.6223555,-79.3795454,2,"""Avenue Of The Islands"" (949)"
43.6220022,-79.3788554,2,"""Avenue Of The Islands"" (944)"
43.6236311,-79.3834044,2,"""Island Marina Drive"" (470)"
43.6222059,-79.3793285,2,"""Avenue Of The Islands"" (181)"
43.6220787,-79.3789967,2,"""Avenue Of The Islands"" (945)"
43.6222292,-79.3793892,2,"""Avenue Of The Islands"" (99)"
43.6226754,-79.3818986,2,"""Avenue Of The Islands"" (751)"
43.6227104,-79.3817904,2,"""Avenue Of The Islands"" (750)"
43.6227604,-79.3817063,2,"""Avenue Of The Islands"" (749)"
43.6227123,-79.3797999,2,"""Avenue Of The Islands"" (952)"
43.6223555,-79.3795454,2,"""Avenue Of The Islands"" (102)"
43.6220787,-79.3789967,2,"""Avenue Of The Islands"" (98)"
43.6222059,-79.3793285,2,"""Avenue Of The Islands"" (901)"
43.6258748,-79.3897638,2,"""Lakeshore Avenue"" (779)"
43.626017,-79.3897616,2,"""Lakeshore Avenue"" (778)"
43.6226547,-79.3797338,2,"""Avenue Of The Islands"" (951)"
43.6225212,-79.3826393,2,"""Avenue Of The Islands"" (752)"
43.6220022,-79.3788554,2,"""Avenue Of The Islands"" (97)"
43.6219817,-79.3788178,2,"""Avenue Of The Islands"" (96)"
43.6181008,-79.3851948,2,"""Forest Lane"" (553)"
43.6244105,-79.3837641,2,"""Island Marina Drive"" (647)"
43.6254335,-79.3824977,2,"""Island Marina Drive"" (666)"
43.6181593,-79.3857809,2,"""Forest Lane"" (558)"
43.618035,-79.3850598,2,"""Forest Lane"" (377)"
43.6250645,-79.3837559,2,"""Island Marina Drive"" (482)"
43.6182082,-79.3855899,2,"""Forest Lane"" (381)"
43.6243355,-79.383734,2,"""Island Marina Drive"" (471)"
43.6181008,-79.3851948,2,"""Forest Lane"" (378)"
43.6222934,-79.379491,2,"""Avenue Of The Islands"" (948)"
43.6182023,-79.3854788,2,"""Forest Lane"" (380)"
43.6277339,-79.3893467,2,"""Lakeshore Avenue"" (250)"
43.6278479,-79.3898234,2,"""Lakeshore Avenue"" (256)"
43.6275026,-79.389555,2,"""Lakeshore Avenue"" (332)"
43.6222531,-79.3794402,2,"""Avenue Of The Islands"" (947)"
43.6274535,-79.3895666,2,"""Lakeshore Avenue"" (331)"
43.6228813,-79.3815813,2,"""Avenue Of The Islands"" (957)"
43.6182082,-79.3855899,2,"""Forest Lane"" (556)"
43.6254453,-79.3823973,2,"""Island Marina Drive"" (668)"
43.6277381,-79.3894779,2,"""Lakeshore Avenue"" (252)"
43.6263428,-79.389853,2,"""Lakeshore Avenue"" (299)"
43.6262636,-79.3898027,2,"""Lakeshore Avenue"" (302)"
43.6277361,-79.3897854,2,"""Lakeshore Avenue"" (345)"
43.6277265,-79.3892487,2,"""Lakeshore Avenue"" (528)"
43.6274411,-79.389546,2,"""Lakeshore Avenue"" (563)"
43.6278163,-79.3897294,2,"""Lakeshore Avenue"" (255)"
43.626017,-79.3897616,2,"""Lakeshore Avenue"" (308)"
43.6276531,-79.3896065,2,"""Lakeshore Avenue"" (341)"
43.6225212,-79.3826393,2,"""Avenue Of The Islands"" (577)"
43.6249856,-79.3830198,2,"""Island Marina Drive"" (487)"
43.6226547,-79.3797338,2,"""Avenue Of The Islands"" (104)"
43.618183,-79.3857149,2,"""Forest Lane"" (557)"
43.6250707,-79.3837074,2,"""Island Marina Drive"" (658)"
43.6249729,-79.3830713,2,"""Island Marina Drive"" (661)"
43.6252752,-79.3826876,2,"""Island Marina Drive"" (664)"
43.6227123,-79.3797999,2,"""Avenue Of The Islands"" (105)"
43.6222934,-79.379491,2,"""Avenue Of The Islands"" (101)"
43.6278868,-79.3890669,2,"""Lakeshore Avenue"" (531)"
43.6278598,-79.3890975,2,"""Lakeshore Avenue"" (611)"
43.6228125,-79.3804187,2,"""Avenue Of The Islands"" (956)"
43.6277265,-79.3892487,2,"""Lakeshore Avenue"" (249)"
43.6277377,-79.3894068,2,"""Lakeshore Avenue"" (251)"
43.6277597,-79.38958,2,"""Lakeshore Avenue"" (253)"
43.6278528,-79.3899252,2,"""Lakeshore Avenue"" (258)"
43.6273998,-79.3895898,2,"""Lakeshore Avenue"" (329)"
43.6227719,-79.3800513,2,"""Avenue Of The Islands"" (955)"
43.6262238,-79.3897928,2,"""Lakeshore Avenue"" (304)"
43.6261827,-79.3897813,2,"""Lakeshore Avenue"" (306)"
43.6262928,-79.389817,2,"""Lakeshore Avenue"" (300)"
43.6276981,-79.3896673,2,"""Lakeshore Avenue"" (343)"
43.6277265,-79.3892487,2,"""Lakeshore Avenue"" (566)"
43.6273998,-79.3895898,2,"""Lakeshore Avenue"" (590)"
43.6280275,-79.3899336,2,"""Lakeshore Avenue"" (914)"
43.6228813,-79.3815813,2,"""Avenue Of The Islands"" (110)"
43.6277905,-79.3896634,2,"""Lakeshore Avenue"" (254)"
43.6278573,-79.3898782,2,"""Lakeshore Avenue"" (257)"
43.6257117,-79.3897892,2,"""Lakeshore Avenue"" (312)"
43.6277409,-79.3898967,2,"""Lakeshore Avenue"" (347)"
43.6273998,-79.3895898,2,"""Lakeshore Avenue"" (561)"
43.6272177,-79.3897962,2,"""Lakeshore Avenue"" (587)"
43.6283219,-79.3899728,2,"""Lakeshore Avenue"" (633)"
43.6263793,-79.3898875,2,"""Lakeshore Avenue"" (297)"
43.6275399,-79.3895541,2,"""Lakeshore Avenue"" (334)"
43.6276182,-79.3895807,2,"""Lakeshore Avenue"" (338)"
43.6227405,-79.3798628,2,"""Avenue Of The Islands"" (954)"
43.6224074,-79.3795794,2,"""Avenue Of The Islands"" (103)"
43.6222531,-79.3794402,2,"""Avenue Of The Islands"" (100)"
43.6278868,-79.3890669,2,"""Lakeshore Avenue"" (872)"
43.6245722,-79.3837867,2,"""Island Marina Drive"" (649)"
43.6249854,-79.3838491,2,"""Island Marina Drive"" (654)"
43.6251795,-79.3816251,2,"""Island Marina Drive"" (672)"
43.6249729,-79.3830713,2,"""Island Marina Drive"" (486)"
43.6236311,-79.3834044,2,"""Island Marina Drive"" (3)"
43.627731,-79.3899811,2,"""Lakeshore Avenue"" (349)"
43.6258748,-79.3897638,2,"""Lakeshore Avenue"" (310)"
43.6277236,-79.3897263,2,"""Lakeshore Avenue"" (344)"
43.6279587,-79.3899489,2,"""Lakeshore Avenue"" (639)"
43.6236311,-79.3834044,2,"""Island Marina Drive"" (781)"
43.6277361,-79.3897854,2,"""Lakeshore Avenue"" (799)"
43.6277409,-79.3898967,2,"""Lakeshore Avenue"" (800)"
43.6279587,-79.3899489,2,"""Lakeshore Avenue"" (915)"
43.6237298,-79.3820413,2,"""Island Marina Drive"" (643)"
43.6236311,-79.3834044,2,"""Island Marina Drive"" (645)"
43.6254441,-79.3824569,2,"""Island Marina Drive"" (667)"
43.6248636,-79.3814779,2,"""Island Marina Drive"" (674)"
43.6180286,-79.3858331,2,"""Forest Lane"" (561)"
43.6229135,-79.3816643,2,"""Island Marina Drive"" (463)"
43.6237069,-79.381996,2,"""Island Marina Drive"" (467)"
43.6250422,-79.3829451,2,"""Island Marina Drive"" (488)"
43.6251795,-79.3816251,2,"""Island Marina Drive"" (497)"
43.6224074,-79.3795794,2,"""Avenue Of The Islands"" (950)"
43.6250645,-79.3837559,2,"""Island Marina Drive"" (657)"
43.6182023,-79.3854788,2,"""Forest Lane"" (555)"
43.618183,-79.3857149,2,"""Forest Lane"" (382)"
43.6180286,-79.3858331,2,"""Forest Lane"" (386)"
43.6249854,-79.3838491,2,"""Island Marina Drive"" (479)"
43.6250721,-79.3815669,2,"""Island Marina Drive"" (498)"
43.6250721,-79.3815669,2,"""Island Marina Drive"" (673)"
43.6254417,-79.3823596,2,"""Island Marina Drive"" (494)"
43.6181123,-79.3858285,2,"""Forest Lane"" (384)"
43.6229733,-79.381715,2,"""Island Marina Drive"" (464)"
43.6275399,-79.3895541,2,"""Lakeshore Avenue"" (793)"
43.6244105,-79.3837641,2,"""Island Marina Drive"" (472)"
43.6254126,-79.3825441,2,"""Island Marina Drive"" (490)"
43.6253858,-79.3821512,2,"""Island Marina Drive"" (495)"
43.6181593,-79.3857809,2,"""Forest Lane"" (383)"
43.6275783,-79.3895601,2,"""Lakeshore Avenue"" (336)"
43.6277265,-79.3892487,2,"""Lakeshore Avenue"" (738)"
43.6277339,-79.3893467,2,"""Lakeshore Avenue"" (739)"
43.6262238,-79.3897928,2,"""Lakeshore Avenue"" (776)"
43.6261827,-79.3897813,2,"""Lakeshore Avenue"" (777)"
43.6277265,-79.3892487,2,"""Lakeshore Avenue"" (871)"
43.6227405,-79.3798628,2,"""Avenue Of The Islands"" (106)"
43.6228611,-79.3809706,2,"""Avenue Of The Islands"" (817)"
43.6250383,-79.3834654,2,"""Island Marina Drive"" (484)"
43.6278573,-79.3898782,2,"""Lakeshore Avenue"" (746)"
43.6263428,-79.389853,2,"""Lakeshore Avenue"" (773)"
43.6262636,-79.3898027,2,"""Lakeshore Avenue"" (775)"
43.6274535,-79.3895666,2,"""Lakeshore Avenue"" (791)"
43.6275026,-79.389555,2,"""Lakeshore Avenue"" (792)"
43.6275783,-79.3895601,2,"""Lakeshore Avenue"" (794)"
43.6276182,-79.3895807,2,"""Lakeshore Avenue"" (795)"
43.6276981,-79.3896673,2,"""Lakeshore Avenue"" (797)"
43.6274411,-79.389546,2,"""Lakeshore Avenue"" (887)"
43.6283219,-79.3899728,2,"""Lakeshore Avenue"" (913)"
43.6228125,-79.3804187,2,"""Avenue Of The Islands"" (109)"
43.6236136,-79.3819281,2,"""Island Marina Drive"" (465)"
43.6254441,-79.3824569,2,"""Island Marina Drive"" (492)"
43.6249374,-79.3838633,2,"""Island Marina Drive"" (478)"
43.6249712,-79.3831478,2,"""Island Marina Drive"" (660)"
43.6226754,-79.3818986,2,"""Avenue Of The Islands"" (576)"
43.6227604,-79.3817063,2,"""Avenue Of The Islands"" (574)"
43.6250156,-79.3838251,2,"""Island Marina Drive"" (480)"
43.6254453,-79.3823973,2,"""Island Marina Drive"" (493)"
43.6237366,-79.3821055,2,"""Island Marina Drive"" (644)"
43.6243355,-79.383734,2,"""Island Marina Drive"" (646)"
43.6228813,-79.3815813,2,"""Island Marina Drive"" (637)"
43.6229135,-79.3816643,2,"""Island Marina Drive"" (638)"
43.6180686,-79.385842,2,"""Forest Lane"" (560)"
43.623671,-79.3819533,2,"""Island Marina Drive"" (641)"
43.6237069,-79.381996,2,"""Island Marina Drive"" (642)"
43.6250156,-79.3838251,2,"""Island Marina Drive"" (655)"
43.6250413,-79.383802,2,"""Island Marina Drive"" (656)"
43.6254126,-79.3825441,2,"""Island Marina Drive"" (665)"
43.6252558,-79.3816871,2,"""Island Marina Drive"" (671)"
43.6246247,-79.3813921,2,"""Island Marina Drive"" (675)"
43.6278598,-79.3890975,2,"""Lakeshore Avenue"" (651)"
43.6246431,-79.3837905,2,"""Island Marina Drive"" (650)"
43.6237298,-79.3820413,2,"""Island Marina Drive"" (468)"
43.6247472,-79.3838204,2,"""Island Marina Drive"" (476)"
43.6250707,-79.3837074,2,"""Island Marina Drive"" (483)"
43.618035,-79.3850598,2,"""Forest Lane"" (552)"
43.6180686,-79.385842,2,"""Forest Lane"" (385)"
43.6181477,-79.385315,2,"""Forest Lane"" (554)"
43.6227104,-79.3817904,2,"""Avenue Of The Islands"" (575)"
43.6272177,-79.3897962,2,"""Lakeshore Avenue"" (897)"
43.6227719,-79.3800513,2,"""Avenue Of The Islands"" (108)"
43.6247472,-79.3838204,2,"""Island Marina Drive"" (651)"
43.6277381,-79.3894779,2,"""Lakeshore Avenue"" (741)"
43.6277905,-79.3896634,2,"""Lakeshore Avenue"" (743)"
43.6278163,-79.3897294,2,"""Lakeshore Avenue"" (744)"
43.6278479,-79.3898234,2,"""Lakeshore Avenue"" (745)"
43.6263793,-79.3898875,2,"""Lakeshore Avenue"" (772)"
43.6262928,-79.389817,2,"""Lakeshore Avenue"" (774)"
43.6277236,-79.3897263,2,"""Lakeshore Avenue"" (798)"
43.6273998,-79.3895898,2,"""Lakeshore Avenue"" (886)"
43.6249712,-79.3831478,2,"""Island Marina Drive"" (485)"
43.6280649,-79.3899386,2,"""Lakeshore Avenue"" (786)"
43.6280275,-79.3899336,2,"""Lakeshore Avenue"" (636)"
43.6228611,-79.3809706,2,"""Avenue Of The Islands"" (969)"
43.6228813,-79.3815813,2,"""Island Marina Drive"" (462)"
43.6245722,-79.3837867,2,"""Island Marina Drive"" (474)"
43.6250413,-79.383802,2,"""Island Marina Drive"" (481)"
43.6252558,-79.3816871,2,"""Island Marina Drive"" (496)"
43.6244752,-79.3837819,2,"""Island Marina Drive"" (473)"
43.6246431,-79.3837905,2,"""Island Marina Drive"" (475)"
43.6237366,-79.3821055,2,"""Island Marina Drive"" (469)"
43.6280649,-79.3899386,2,"""Lakeshore Avenue"" (767)"
43.6181477,-79.385315,2,"""Forest Lane"" (379)"
43.6252752,-79.3826876,2,"""Island Marina Drive"" (489)"
43.6246247,-79.3813921,2,"""Island Marina Drive"" (500)"
43.6244752,-79.3837819,2,"""Island Marina Drive"" (648)"
43.6249856,-79.3830198,2,"""Island Marina Drive"" (662)"
43.6254417,-79.3823596,2,"""Island Marina Drive"" (669)"
43.6278528,-79.3899252,2,"""Lakeshore Avenue"" (747)"
43.6276531,-79.3896065,2,"""Lakeshore Avenue"" (796)"
43.627731,-79.3899811,2,"""Lakeshore Avenue"" (801)"
43.6273998,-79.3895898,2,"""Lakeshore Avenue"" (898)"
43.6229733,-79.381715,2,"""Island Marina Drive"" (639)"
43.6250383,-79.3834654,2,"""Island Marina Drive"" (659)"
43.6253858,-79.3821512,2,"""Island Marina Drive"" (670)"
43.6219817,-79.3788178,2,"""Avenue Of The Islands"" (943)"
43.6248876,-79.3838637,2,"""Island Marina Drive"" (652)"
43.6248636,-79.3814779,2,"""Island Marina Drive"" (499)"
43.623671,-79.3819533,2,"""Island Marina Drive"" (466)"
43.6181123,-79.3858285,2,"""Forest Lane"" (559)"
43.6249374,-79.3838633,2,"""Island Marina Drive"" (653)"
43.6248876,-79.3838637,2,"""Island Marina Drive"" (477)"
43.6277597,-79.38958,2,"""Lakeshore Avenue"" (742)"
43.6277265,-79.3892487,2,"""Lakeshore Avenue"" (888)"
43.6227405,-79.3798628,2,"""Avenue Of The Islands"" (107)"
43.6254335,-79.3824977,2,"""Island Marina Drive"" (491)"
43.6257117,-79.3897892,2,"""Lakeshore Avenue"" (780)"
43.6273998,-79.3895898,2,"""Lakeshore Avenue"" (790)"
43.6277377,-79.3894068,2,"""Lakeshore Avenue"" (740)"
43.626985,-79.3900646,2,"""Lakeshore Avenue"" (584)"
43.6193084,-79.3907798,2,"""Lakeshore Avenue"" (863)"
43.6266634,-79.3901965,2,"""Lakeshore Avenue"" (570)"
43.6193859,-79.390714,2,"""Lakeshore Avenue"" (920)"
43.6186088,-79.3908721,2,"""Lakeshore Avenue"" (774)"
43.6270219,-79.3904927,2,"""Lakeshore Avenue"" (358)"
43.6269054,-79.3901502,2,"""Lakeshore Avenue"" (582)"
43.6278392,-79.3900102,2,"""Lakeshore Avenue"" (644)"
43.6278392,-79.3900102,2,"""Lakeshore Avenue"" (641)"
43.6265973,-79.3901732,2,"""Lakeshore Avenue"" (771)"
43.6219422,-79.3904684,2,"""Lakeshore Avenue"" (789)"
43.6267532,-79.3903793,2,"""Lakeshore Avenue"" (811)"
43.619125,-79.3918372,2,"""Lakeshore Avenue"" (835)"
43.6193531,-79.3920491,2,"""Lakeshore Avenue"" (837)"
43.6201235,-79.3920598,2,"""Lakeshore Avenue"" (845)"
43.6209988,-79.3916977,2,"""Lakeshore Avenue"" (851)"
43.6213526,-79.3910895,2,"""Lakeshore Avenue"" (854)"
43.6217815,-79.3905598,2,"""Lakeshore Avenue"" (858)"
43.6267081,-79.3902089,2,"""Lakeshore Avenue"" (891)"
43.6267585,-79.3902134,2,"""Lakeshore Avenue"" (892)"
43.626985,-79.3900646,2,"""Lakeshore Avenue"" (896)"
43.6276611,-79.3901114,2,"""Lakeshore Avenue"" (918)"
43.6193084,-79.3907798,2,"""Lakeshore Avenue"" (919)"
43.6199808,-79.3906746,2,"""Lakeshore Avenue"" (928)"
43.6197417,-79.3908457,2,"""Lakeshore Avenue"" (974)"
43.619409,-79.3908233,2,"""Lakeshore Avenue"" (978)"
43.6193084,-79.3907798,2,"""Lakeshore Avenue"" (979)"
43.6192687,-79.3907918,2,"""Lakeshore Avenue"" (40)"
43.6197417,-79.3908457,2,"""Lakeshore Avenue"" (759)"
43.6216383,-79.3906598,2,"""Lakeshore Avenue"" (485)"
43.6199808,-79.3906746,2,"""Lakeshore Avenue"" (503)"
43.6286964,-79.3900532,2,"""Lakeshore Avenue"" (911)"
43.6268889,-79.3905027,2,"""Lakeshore Avenue"" (809)"
43.6185036,-79.3915428,2,"""Lakeshore Avenue"" (829)"
43.6209002,-79.3917762,2,"""Lakeshore Avenue"" (849)"
43.6195261,-79.3908662,2,"""Lakeshore Avenue"" (976)"
43.6194633,-79.3908543,2,"""Lakeshore Avenue"" (977)"
43.6278392,-79.3900102,2,"""Lakeshore Avenue"" (748)"
43.6248191,-79.3900114,2,"""Lakeshore Avenue"" (781)"
43.6228689,-79.3904908,2,"""Lakeshore Avenue"" (785)"
43.6277069,-79.3900458,2,"""Lakeshore Avenue"" (802)"
43.6272419,-79.3903674,2,"""Lakeshore Avenue"" (805)"
43.6269337,-79.3905123,2,"""Lakeshore Avenue"" (808)"
43.6196624,-79.3921215,2,"""Lakeshore Avenue"" (841)"
43.6198619,-79.3921121,2,"""Lakeshore Avenue"" (843)"
43.620242,-79.3920249,2,"""Lakeshore Avenue"" (846)"
43.6204359,-79.3919644,2,"""Lakeshore Avenue"" (847)"
43.6209502,-79.3917473,2,"""Lakeshore Avenue"" (850)"
43.6216383,-79.3906598,2,"""Lakeshore Avenue"" (857)"
43.6219422,-79.3904684,2,"""Lakeshore Avenue"" (859)"
43.6217056,-79.3904728,2,"""Lakeshore Avenue"" (861)"
43.6208112,-79.39054,2,"""Lakeshore Avenue"" (862)"
43.6199808,-79.3906746,2,"""Lakeshore Avenue"" (863)"
43.6278392,-79.3900102,2,"""Lakeshore Avenue"" (917)"
43.6196377,-79.3908721,2,"""Lakeshore Avenue"" (975)"
43.6193084,-79.3907798,2,"""Lakeshore Avenue"" (39)"
43.6188782,-79.3908521,2,"""Lakeshore Avenue"" (41)"
43.6217815,-79.3905598,2,"""Lakeshore Avenue"" (488)"
43.6219422,-79.3904684,2,"""Lakeshore Avenue"" (327)"
43.6198619,-79.3921121,2,"""Lakeshore Avenue"" (445)"
43.6209502,-79.3917473,2,"""Lakeshore Avenue"" (459)"
43.6214429,-79.3908971,2,"""Lakeshore Avenue"" (478)"
43.6194633,-79.3908543,2,"""Lakeshore Avenue"" (765)"
43.6188782,-79.3908521,2,"""Lakeshore Avenue"" (877)"
43.6188065,-79.3916416,2,"""Lakeshore Avenue"" (411)"
43.6212653,-79.3912505,2,"""Lakeshore Avenue"" (472)"
43.6187029,-79.391587,2,"""Lakeshore Avenue"" (831)"
43.6190367,-79.3917696,2,"""Lakeshore Avenue"" (834)"
43.6182714,-79.3907384,2,"""Lakeshore Avenue"" (246)"
43.6248191,-79.3900114,2,"""Lakeshore Avenue"" (314)"
43.6228689,-79.3904908,2,"""Lakeshore Avenue"" (320)"
43.6268889,-79.3905027,2,"""Lakeshore Avenue"" (363)"
43.6189119,-79.3916957,2,"""Lakeshore Avenue"" (414)"
43.619125,-79.3918372,2,"""Lakeshore Avenue"" (419)"
43.6193886,-79.3920699,2,"""Lakeshore Avenue"" (429)"
43.6194764,-79.3920973,2,"""Lakeshore Avenue"" (432)"
43.6209002,-79.3917762,2,"""Lakeshore Avenue"" (458)"
43.6208112,-79.39054,2,"""Lakeshore Avenue"" (500)"
43.6267081,-79.3902089,2,"""Lakeshore Avenue"" (572)"
43.6267957,-79.390206,2,"""Lakeshore Avenue"" (576)"
43.6286332,-79.3900396,2,"""Lakeshore Avenue"" (630)"
43.6193084,-79.3907798,2,"""Lakeshore Avenue"" (650)"
43.6195627,-79.3905939,2,"""Lakeshore Avenue"" (662)"
43.6197024,-79.390577,2,"""Lakeshore Avenue"" (671)"
43.6197802,-79.390584,2,"""Lakeshore Avenue"" (674)"
43.6199808,-79.3906746,2,"""Lakeshore Avenue"" (680)"
43.6191012,-79.3908025,2,"""Lakeshore Avenue"" (868)"
43.6278392,-79.3900102,2,"""Lakeshore Avenue"" (259)"
43.6265973,-79.3901732,2,"""Lakeshore Avenue"" (295)"
43.6215216,-79.3907804,2,"""Lakeshore Avenue"" (482)"
43.6269763,-79.3905107,2,"""Lakeshore Avenue"" (360)"
43.6267532,-79.3903793,2,"""Lakeshore Avenue"" (367)"
43.6181989,-79.3915183,2,"""Lakeshore Avenue"" (402)"
43.6190367,-79.3917696,2,"""Lakeshore Avenue"" (416)"
43.6200104,-79.3920846,2,"""Lakeshore Avenue"" (448)"
43.6204359,-79.3919644,2,"""Lakeshore Avenue"" (455)"
43.6207706,-79.3918379,2,"""Lakeshore Avenue"" (457)"
43.6217056,-79.3904728,2,"""Lakeshore Avenue"" (497)"
43.6267585,-79.3902134,2,"""Lakeshore Avenue"" (574)"
43.6198868,-79.3907594,2,"""Lakeshore Avenue"" (755)"
43.6193084,-79.3907798,2,"""Lakeshore Avenue"" (768)"
43.6193531,-79.3920491,2,"""Lakeshore Avenue"" (426)"
43.6198233,-79.3908052,2,"""Lakeshore Avenue"" (757)"
43.6192551,-79.3919686,2,"""Lakeshore Avenue"" (423)"
43.6195648,-79.3921108,2,"""Lakeshore Avenue"" (435)"
43.6196377,-79.3908721,2,"""Lakeshore Avenue"" (761)"
43.6242868,-79.3901363,2,"""Lakeshore Avenue"" (316)"
43.6219422,-79.3904684,2,"""Lakeshore Avenue"" (491)"
43.6192687,-79.3907918,2,"""Lakeshore Avenue"" (870)"
43.6242565,-79.3901423,2,"""Lakeshore Avenue"" (317)"
43.6234901,-79.3903166,2,"""Lakeshore Avenue"" (318)"
43.6227764,-79.3905039,2,"""Lakeshore Avenue"" (322)"
43.6224364,-79.3904971,2,"""Lakeshore Avenue"" (325)"
43.6277069,-79.3900458,2,"""Lakeshore Avenue"" (351)"
43.6276611,-79.3901114,2,"""Lakeshore Avenue"" (353)"
43.6276611,-79.3901114,2,"""Lakeshore Avenue"" (354)"
43.6269337,-79.3905123,2,"""Lakeshore Avenue"" (361)"
43.6268513,-79.3904826,2,"""Lakeshore Avenue"" (365)"
43.6265973,-79.3901732,2,"""Lakeshore Avenue"" (370)"
43.6185036,-79.3915428,2,"""Lakeshore Avenue"" (404)"
43.6186303,-79.3915563,2,"""Lakeshore Avenue"" (406)"
43.6187029,-79.391587,2,"""Lakeshore Avenue"" (408)"
43.6197507,-79.3921229,2,"""Lakeshore Avenue"" (442)"
43.6201235,-79.3920598,2,"""Lakeshore Avenue"" (450)"
43.6209988,-79.3916977,2,"""Lakeshore Avenue"" (466)"
43.6219422,-79.3904684,2,"""Lakeshore Avenue"" (494)"
43.6265973,-79.3901732,2,"""Lakeshore Avenue"" (568)"
43.6268465,-79.3901885,2,"""Lakeshore Avenue"" (579)"
43.6193859,-79.390714,2,"""Lakeshore Avenue"" (653)"
43.6194288,-79.3906701,2,"""Lakeshore Avenue"" (656)"
43.6196291,-79.3905883,2,"""Lakeshore Avenue"" (667)"
43.6198739,-79.3906191,2,"""Lakeshore Avenue"" (677)"
43.6195261,-79.3908662,2,"""Lakeshore Avenue"" (763)"
43.619409,-79.3908233,2,"""Lakeshore Avenue"" (767)"
43.6188782,-79.3908521,2,"""Lakeshore Avenue"" (770)"
43.6189669,-79.3908284,2,"""Lakeshore Avenue"" (867)"
43.6191794,-79.3907918,2,"""Lakeshore Avenue"" (869)"
43.6272419,-79.3903674,2,"""Lakeshore Avenue"" (356)"
43.6196624,-79.3921215,2,"""Lakeshore Avenue"" (439)"
43.620242,-79.3920249,2,"""Lakeshore Avenue"" (452)"
43.6213526,-79.3910895,2,"""Lakeshore Avenue"" (475)"
43.6276611,-79.3901114,2,"""Lakeshore Avenue"" (646)"
43.6199808,-79.3906746,2,"""Lakeshore Avenue"" (753)"
43.6192687,-79.3907918,2,"""Lakeshore Avenue"" (864)"
43.6278392,-79.3900102,2,"""Lakeshore Avenue"" (916)"
43.6195071,-79.3906175,2,"""Lakeshore Avenue"" (659)"
43.6184697,-79.3908413,2,"""Lakeshore Avenue"" (777)"
43.618751,-79.3908701,2,"""Lakeshore Avenue"" (772)"
43.6181365,-79.3906883,2,"""Lakeshore Avenue"" (779)"
43.6270219,-79.3904927,2,"""Lakeshore Avenue"" (806)"
43.6276611,-79.3901114,2,"""Lakeshore Avenue"" (804)"
43.6266634,-79.3901965,2,"""Lakeshore Avenue"" (890)"
43.6207706,-79.3918379,2,"""Lakeshore Avenue"" (848)"
43.6224364,-79.3904971,2,"""Lakeshore Avenue"" (788)"
43.6188065,-79.3916416,2,"""Lakeshore Avenue"" (832)"
43.6194288,-79.3906701,2,"""Lakeshore Avenue"" (921)"
43.6182714,-79.3907384,2,"""Lakeshore Avenue"" (569)"
43.6242868,-79.3901363,2,"""Lakeshore Avenue"" (782)"
43.6214429,-79.3908971,2,"""Lakeshore Avenue"" (855)"
43.6215216,-79.3907804,2,"""Lakeshore Avenue"" (856)"
43.6197024,-79.390577,2,"""Lakeshore Avenue"" (925)"
43.622643,-79.3905104,2,"""Lakeshore Avenue"" (324)"
43.6286332,-79.3900396,2,"""Lakeshore Avenue"" (912)"
43.6193886,-79.3920699,2,"""Lakeshore Avenue"" (838)"
43.6194764,-79.3920973,2,"""Lakeshore Avenue"" (839)"
43.6192687,-79.3907918,2,"""Lakeshore Avenue"" (46)"
43.6265973,-79.3901732,2,"""Lakeshore Avenue"" (812)"
43.6212653,-79.3912505,2,"""Lakeshore Avenue"" (853)"
43.6184697,-79.3908413,2,"""Lakeshore Avenue"" (983)"
43.6181365,-79.3906883,2,"""Lakeshore Avenue"" (984)"
43.6219422,-79.3904684,2,"""Lakeshore Avenue"" (860)"
43.6186303,-79.3915563,2,"""Lakeshore Avenue"" (830)"
43.6189119,-79.3916957,2,"""Lakeshore Avenue"" (833)"
43.6192551,-79.3919686,2,"""Lakeshore Avenue"" (836)"
43.6197507,-79.3921229,2,"""Lakeshore Avenue"" (842)"
43.6200104,-79.3920846,2,"""Lakeshore Avenue"" (844)"
43.6210599,-79.3915998,2,"""Lakeshore Avenue"" (852)"
43.6265973,-79.3901732,2,"""Lakeshore Avenue"" (889)"
43.6269054,-79.3901502,2,"""Lakeshore Avenue"" (895)"
43.6195071,-79.3906175,2,"""Lakeshore Avenue"" (922)"
43.6196291,-79.3905883,2,"""Lakeshore Avenue"" (924)"
43.6197802,-79.390584,2,"""Lakeshore Avenue"" (926)"
43.6198739,-79.3906191,2,"""Lakeshore Avenue"" (927)"
43.6198868,-79.3907594,2,"""Lakeshore Avenue"" (972)"
43.6188782,-79.3908521,2,"""Lakeshore Avenue"" (980)"
43.6189669,-79.3908284,2,"""Lakeshore Avenue"" (42)"
43.6191012,-79.3908025,2,"""Lakeshore Avenue"" (43)"
43.6188782,-79.3908521,2,"""Lakeshore Avenue"" (52)"
43.6242565,-79.3901423,2,"""Lakeshore Avenue"" (783)"
43.6234901,-79.3903166,2,"""Lakeshore Avenue"" (784)"
43.622643,-79.3905104,2,"""Lakeshore Avenue"" (787)"
43.6276611,-79.3901114,2,"""Lakeshore Avenue"" (803)"
43.6269763,-79.3905107,2,"""Lakeshore Avenue"" (807)"
43.6268513,-79.3904826,2,"""Lakeshore Avenue"" (810)"
43.6267957,-79.390206,2,"""Lakeshore Avenue"" (893)"
43.6268465,-79.3901885,2,"""Lakeshore Avenue"" (894)"
43.6210599,-79.3915998,2,"""Lakeshore Avenue"" (469)"
43.6188782,-79.3908521,2,"""Lakeshore Avenue"" (865)"
43.6192687,-79.3907918,2,"""Lakeshore Avenue"" (871)"
43.6227764,-79.3905039,2,"""Lakeshore Avenue"" (786)"
43.6199808,-79.3906746,2,"""Lakeshore Avenue"" (971)"
43.6286964,-79.3900532,2,"""Lakeshore Avenue"" (627)"
43.6192687,-79.3907918,2,"""Lakeshore Avenue"" (45)"
43.6181989,-79.3915183,2,"""Lakeshore Avenue"" (828)"
43.6195648,-79.3921108,2,"""Lakeshore Avenue"" (840)"
43.6195627,-79.3905939,2,"""Lakeshore Avenue"" (923)"
43.6198233,-79.3908052,2,"""Lakeshore Avenue"" (973)"
43.6191794,-79.3907918,2,"""Lakeshore Avenue"" (44)"
43.618751,-79.3908701,2,"""Lakeshore Avenue"" (981)"
43.6186088,-79.3908721,2,"""Lakeshore Avenue"" (982)"
43.6179665,-79.3758808,2,"""The Mall"" (718)"
43.6179505,-79.3723984,2,"""Fountain Trail"" (744)"
43.6179681,-79.3758857,2,"""The Mall"" (719)"
43.6179744,-79.3759479,2,"""The Mall"" (725)"
43.6179671,-79.3759927,2,"""The Mall"" (730)"
43.6179572,-79.3758608,2,"""The Mall"" (539)"
43.617974,-79.3759262,2,"""The Mall"" (548)"
43.6179734,-79.3759153,2,"""The Mall"" (722)"
43.6179688,-79.3759849,2,"""The Mall"" (729)"
43.6179461,-79.3758435,2,"""The Mall"" (710)"
43.6179665,-79.3758808,2,"""The Mall"" (543)"
43.617974,-79.3759262,2,"""The Mall"" (723)"
43.6179699,-79.3758927,2,"""The Mall"" (545)"
43.6179428,-79.3758402,2,"""The Mall"" (709)"
43.6179646,-79.3758761,2,"""The Mall"" (717)"
43.617971,-79.3759743,2,"""The Mall"" (728)"
43.6179368,-79.3758345,2,"""The Mall"" (708)"
43.6179522,-79.3758519,2,"""The Mall"" (712)"
43.61796,-79.3758665,2,"""The Mall"" (715)"
43.6179727,-79.375965,2,"""The Mall"" (727)"
43.6179727,-79.375965,2,"""The Mall"" (552)"
43.6179744,-79.3759392,2,"""The Mall"" (549)"
43.6179699,-79.3758927,2,"""The Mall"" (720)"
43.6179546,-79.3758558,2,"""The Mall"" (538)"
43.6179646,-79.3758761,2,"""The Mall"" (542)"
43.6179734,-79.3759153,2,"""The Mall"" (547)"
43.6179671,-79.3759927,2,"""The Mall"" (555)"
43.6179522,-79.3758519,2,"""The Mall"" (537)"
43.6179715,-79.3759003,2,"""The Mall"" (721)"
43.6179624,-79.3758712,2,"""The Mall"" (541)"
43.6179688,-79.3759849,2,"""The Mall"" (554)"
43.6179505,-79.3723984,2,"""Fountain Trail"" (208)"
43.617971,-79.3759743,2,"""The Mall"" (553)"
43.6179546,-79.3758558,2,"""The Mall"" (713)"
43.6179744,-79.3759392,2,"""The Mall"" (724)"
43.6179653,-79.375999,2,"""The Mall"" (731)"
43.6179738,-79.3759558,2,"""The Mall"" (726)"
43.6179681,-79.3758857,2,"""The Mall"" (544)"
43.6179428,-79.3758402,2,"""The Mall"" (534)"
43.6179744,-79.3759479,2,"""The Mall"" (550)"
43.6179491,-79.3758473,2,"""The Mall"" (536)"
43.6179715,-79.3759003,2,"""The Mall"" (546)"
43.6179653,-79.375999,2,"""The Mall"" (556)"
43.6179368,-79.3758345,2,"""The Mall"" (533)"
43.6179738,-79.3759558,2,"""The Mall"" (551)"
43.6177879,-79.3727377,2,"""Fountain Trail"" (207)"
43.61796,-79.3758665,2,"""The Mall"" (540)"
43.6179461,-79.3758435,2,"""The Mall"" (535)"
43.6179491,-79.3758473,2,"""The Mall"" (711)"
43.6179572,-79.3758608,2,"""The Mall"" (714)"
43.6179624,-79.3758712,2,"""The Mall"" (716)"
43.6177879,-79.3727377,2,"""Fountain Trail"" (743)"
43.6167666,-79.384491,2,"""Forest Lane"" (546)"
43.6151991,-79.3898678,2,"""Lakeshore Avenue"" (373)"
43.6134941,-79.3883901,2,"""Lakeshore Avenue"" (261)"
43.6134445,-79.3882838,2,"""Lakeshore Avenue"" (262)"
43.61313,-79.3852405,2,"""Lakeshore Avenue"" (289)"
43.6131757,-79.3819207,2,"""Lakeshore Avenue"" (551)"
43.6165482,-79.3841117,2,"""Island Service Road"" (63)"
43.6166903,-79.3832329,2,"""Island Service Road"" (62)"
43.6168853,-79.3819324,2,"""Island Service Road"" (60)"
43.6132513,-79.3871106,2,"""Lakeshore Avenue"" (272)"
43.6133271,-79.3879782,2,"""Lakeshore Avenue"" (265)"
43.6132295,-79.384778,2,"""Lakeshore Avenue"" (727)"
43.613228,-79.3845324,2,"""Lakeshore Avenue"" (728)"
43.6139034,-79.3891409,2,"""Lakeshore Avenue"" (833)"
43.6143121,-79.3895955,2,"""Lakeshore Avenue"" (851)"
43.6136586,-79.3887723,2,"""Lakeshore Avenue"" (837)"
43.613532,-79.3884696,2,"""Lakeshore Avenue"" (260)"
43.6132244,-79.386946,2,"""Lakeshore Avenue"" (274)"
43.6130538,-79.3860269,2,"""Lakeshore Avenue"" (283)"
43.6130499,-79.3858592,2,"""Lakeshore Avenue"" (285)"
43.6132278,-79.3831462,2,"""Lakeshore Avenue"" (534)"
43.6131413,-79.3822844,2,"""Lakeshore Avenue"" (543)"
43.6131403,-79.3822264,2,"""Lakeshore Avenue"" (545)"
43.6134711,-79.3809136,2,"""Lakeshore Avenue"" (555)"
43.6133172,-79.3842038,2,"""Lakeshore Avenue"" (744)"
43.6132295,-79.384778,2,"""Lakeshore Avenue"" (752)"
43.6138233,-79.389037,2,"""Lakeshore Avenue"" (835)"
43.6161118,-79.3800096,2,"""Island Service Road"" (117)"
43.6133713,-79.3881277,2,"""Lakeshore Avenue"" (264)"
43.6130635,-79.3856902,2,"""Lakeshore Avenue"" (287)"
43.6131863,-79.3849531,2,"""Lakeshore Avenue"" (291)"
43.61532,-79.3899791,2,"""Lakeshore Avenue"" (375)"
43.6131583,-79.3820054,2,"""Lakeshore Avenue"" (548)"
43.6132323,-79.3816926,2,"""Lakeshore Avenue"" (553)"
43.6134846,-79.3808697,2,"""Lakeshore Avenue"" (557)"
43.6133195,-79.3840704,2,"""Lakeshore Avenue"" (743)"
43.6133069,-79.3843519,2,"""Lakeshore Avenue"" (746)"
43.6132935,-79.3844724,2,"""Lakeshore Avenue"" (748)"
43.6144073,-79.3896653,2,"""Lakeshore Avenue"" (850)"
43.6139546,-79.3892219,2,"""Lakeshore Avenue"" (853)"
43.6167596,-79.3813698,2,"""Island Service Road"" (120)"
43.6168802,-79.3816837,2,"""Island Service Road"" (122)"
43.6160383,-79.3799449,2,"""Island Service Road"" (138)"
43.6165482,-79.3841117,2,"""Island Service Road"" (126)"
43.6134261,-79.3882444,2,"""Lakeshore Avenue"" (263)"
43.6132837,-79.387488,2,"""Lakeshore Avenue"" (269)"
43.6131222,-79.3863856,2,"""Lakeshore Avenue"" (280)"
43.6150603,-79.3897545,2,"""Lakeshore Avenue"" (371)"
43.613158,-79.3826232,2,"""Lakeshore Avenue"" (539)"
43.6132236,-79.3838423,2,"""Lakeshore Avenue"" (730)"
43.6132943,-79.383618,2,"""Lakeshore Avenue"" (739)"
43.6133155,-79.3838281,2,"""Lakeshore Avenue"" (741)"
43.6150918,-79.3897229,2,"""Lakeshore Avenue"" (799)"
43.6160831,-79.3799758,2,"""Island Service Road"" (140)"
43.6132295,-79.384778,2,"""Lakeshore Avenue"" (293)"
43.613532,-79.3884696,2,"""Lakeshore Avenue"" (839)"
43.6132837,-79.387488,2,"""Lakeshore Avenue"" (38)"
43.6132935,-79.3844724,2,"""Lakeshore Avenue"" (968)"
43.6131217,-79.3872983,2,"""Beach Line"" (991)"
43.6169822,-79.3856583,2,"""Coin Avenue"" (739)"
43.6122491,-79.3889238,2,"""Beach Line"" (750)"
43.6124611,-79.3884241,2,"""Beach Line"" (753)"
43.6170342,-79.3845895,2,"""Forest Lane"" (547)"
43.6178637,-79.3856823,2,"""Forest Lane"" (562)"
43.6167666,-79.384491,2,"""Coin Avenue"" (676)"
43.6125481,-79.3882101,2,"""Beach Line"" (755)"
43.6132244,-79.386946,2,"""Beach Line"" (764)"
43.6124032,-79.3886421,2,"""Beach Line"" (979)"
43.6166711,-79.3843175,2,"""Coin Avenue"" (561)"
43.6124296,-79.3885594,2,"""Beach Line"" (980)"
43.6129897,-79.3876601,2,"""Beach Line"" (988)"
43.6158554,-79.3892865,2,"""Lakeshore Avenue"" (790)"
43.6156852,-79.389307,2,"""Lakeshore Avenue"" (993)"
43.6159964,-79.3893224,2,"""Lakeshore Avenue"" (474)"
43.6168234,-79.3853865,2,"""Coin Avenue"" (504)"
43.6157679,-79.3892833,2,"""Lakeshore Avenue"" (792)"
43.6154338,-79.3894785,2,"""Lakeshore Avenue"" (796)"
43.6154338,-79.3894785,2,"""Lakeshore Avenue"" (994)"
43.6129237,-79.3877516,2,"""Beach Line"" (759)"
43.6131459,-79.382113,2,"""Lakeshore Avenue"" (879)"
43.6139034,-79.3891409,2,"""Lakeshore Avenue"" (22)"
43.6165143,-79.3896044,2,"""Lakeshore Avenue"" (989)"
43.6169215,-79.3899882,2,"""Lakeshore Avenue"" (988)"
43.6130635,-79.3856902,2,"""Lakeshore Avenue"" (767)"
43.616147,-79.3893939,2,"""Lakeshore Avenue"" (788)"
43.613228,-79.3845324,2,"""Lakeshore Avenue"" (957)"
43.6169234,-79.3854943,2,"""Coin Avenue"" (680)"
43.6175238,-79.3846641,2,"""Forest Lane"" (549)"
43.6165482,-79.3841117,2,"""Coin Avenue"" (735)"
43.6167666,-79.384491,2,"""Coin Avenue"" (737)"
43.6169234,-79.3854943,2,"""Coin Avenue"" (738)"
43.6124296,-79.3885594,2,"""Beach Line"" (752)"
43.6131217,-79.3872983,2,"""Beach Line"" (763)"
43.6166903,-79.3832329,2,"""Island Service Road"" (125)"
43.6128615,-79.3878432,2,"""Beach Line"" (758)"
43.617075,-79.3854616,2,"""Forest Lane"" (391)"
43.6176639,-79.3847297,2,"""Forest Lane"" (375)"
43.616755,-79.3849166,2,"""Coin Avenue"" (502)"
43.6130464,-79.3875408,2,"""Beach Line"" (989)"
43.6156852,-79.389307,2,"""Lakeshore Avenue"" (794)"
43.617616,-79.3855469,2,"""Forest Lane"" (638)"
43.6125481,-79.3882101,2,"""Beach Line"" (983)"
43.617616,-79.3855469,2,"""Forest Lane"" (539)"
43.617075,-79.3854616,2,"""Forest Lane"" (566)"
43.6127719,-79.3879488,2,"""Beach Line"" (985)"
43.6121888,-79.3889163,2,"""Beach Line"" (749)"
43.6155947,-79.3893561,2,"""Lakeshore Avenue"" (896)"
43.6130987,-79.387387,2,"""Beach Line"" (762)"
43.6169234,-79.3854943,2,"""Forest Lane"" (392)"
43.617323,-79.3846341,2,"""Forest Lane"" (548)"
43.616755,-79.3849166,2,"""Coin Avenue"" (677)"
43.6175689,-79.3855276,2,"""Forest Lane"" (389)"
43.6155947,-79.3893561,2,"""Lakeshore Avenue"" (475)"
43.6157679,-79.3892833,2,"""Lakeshore Avenue"" (992)"
43.6151467,-79.3896887,2,"""Lakeshore Avenue"" (798)"
43.6168496,-79.3823643,2,"""Island Service Road"" (721)"
43.6168898,-79.3818113,2,"""Island Service Road"" (720)"
43.6131422,-79.3823414,2,"""Lakeshore Avenue"" (541)"
43.6178091,-79.384832,2,"""Forest Lane"" (551)"
43.6168234,-79.3853865,2,"""Coin Avenue"" (679)"
43.6132796,-79.3874168,2,"""Lakeshore Avenue"" (271)"
43.6131956,-79.3867351,2,"""Lakeshore Avenue"" (276)"
43.6132299,-79.3832436,2,"""Lakeshore Avenue"" (734)"
43.6132278,-79.3831462,2,"""Lakeshore Avenue"" (735)"
43.6132278,-79.3831462,2,"""Lakeshore Avenue"" (737)"
43.6150603,-79.3897545,2,"""Lakeshore Avenue"" (847)"
43.6175689,-79.3855276,2,"""Forest Lane"" (564)"
43.6132263,-79.3833679,2,"""Lakeshore Avenue"" (959)"
43.6161118,-79.3800096,2,"""Island Service Road"" (54)"
43.6177011,-79.3855817,2,"""Forest Lane"" (388)"
43.6133713,-79.3881277,2,"""Lakeshore Avenue"" (753)"
43.6132244,-79.386946,2,"""Lakeshore Avenue"" (760)"
43.6130683,-79.3861623,2,"""Lakeshore Avenue"" (764)"
43.6131757,-79.3819207,2,"""Lakeshore Avenue"" (881)"
43.6132278,-79.3831462,2,"""Lakeshore Avenue"" (962)"
43.6133069,-79.3843519,2,"""Lakeshore Avenue"" (967)"
43.6145296,-79.3897229,2,"""Lakeshore Avenue"" (849)"
43.6165143,-79.3896044,2,"""Lakeshore Avenue"" (787)"
43.6132965,-79.3877079,2,"""Lakeshore Avenue"" (756)"
43.6132513,-79.3871106,2,"""Lakeshore Avenue"" (759)"
43.6130538,-79.3860269,2,"""Lakeshore Avenue"" (765)"
43.6130499,-79.3858592,2,"""Lakeshore Avenue"" (766)"
43.6150603,-79.3897545,2,"""Lakeshore Avenue"" (813)"
43.6132278,-79.3831462,2,"""Lakeshore Avenue"" (873)"
43.6132205,-79.3830919,2,"""Lakeshore Avenue"" (874)"
43.6131422,-79.3823414,2,"""Lakeshore Avenue"" (876)"
43.6131413,-79.3822844,2,"""Lakeshore Avenue"" (877)"
43.6133155,-79.3838281,2,"""Lakeshore Avenue"" (964)"
43.6133195,-79.3840704,2,"""Lakeshore Avenue"" (965)"
43.6132735,-79.3846017,2,"""Lakeshore Avenue"" (969)"
43.6139034,-79.3891409,2,"""Lakeshore Avenue"" (15)"
43.6146539,-79.3897444,2,"""Lakeshore Avenue"" (24)"
43.6139546,-79.3892219,2,"""Lakeshore Avenue"" (29)"
43.6134445,-79.3882838,2,"""Lakeshore Avenue"" (31)"
43.6160831,-79.3799758,2,"""Island Service Road"" (53)"
43.6163132,-79.3804122,2,"""Island Service Road"" (56)"
43.6158941,-79.3798774,2,"""Island Service Road"" (72)"
43.6134445,-79.3882838,2,"""Lakeshore Avenue"" (855)"
43.6133062,-79.3878488,2,"""Lakeshore Avenue"" (755)"
43.6132837,-79.387488,2,"""Lakeshore Avenue"" (757)"
43.6131222,-79.3863856,2,"""Lakeshore Avenue"" (763)"
43.613158,-79.3826232,2,"""Lakeshore Avenue"" (875)"
43.6132323,-79.3816926,2,"""Lakeshore Avenue"" (882)"
43.6134846,-79.3808697,2,"""Lakeshore Avenue"" (884)"
43.6132278,-79.3831462,2,"""Lakeshore Avenue"" (961)"
43.6133172,-79.3842038,2,"""Lakeshore Avenue"" (966)"
43.6132295,-79.384778,2,"""Lakeshore Avenue"" (970)"
43.6136586,-79.3887723,2,"""Lakeshore Avenue"" (17)"
43.613532,-79.3884696,2,"""Lakeshore Avenue"" (18)"
43.613532,-79.3884696,2,"""Lakeshore Avenue"" (19)"
43.6160383,-79.3799449,2,"""Island Service Road"" (73)"
43.6170342,-79.3845895,2,"""Forest Lane"" (372)"
43.6175238,-79.3846641,2,"""Forest Lane"" (374)"
43.6124611,-79.3884241,2,"""Beach Line"" (981)"
43.6125063,-79.3882937,2,"""Beach Line"" (982)"
43.6130987,-79.387387,2,"""Beach Line"" (990)"
43.6139034,-79.3891409,2,"""Lakeshore Avenue"" (30)"
43.6150603,-79.3897545,2,"""Lakeshore Avenue"" (997)"
43.6121888,-79.3889163,2,"""Beach Line"" (977)"
43.617323,-79.3846341,2,"""Forest Lane"" (373)"
43.6168898,-79.3818113,2,"""Island Service Road"" (784)"
43.6168853,-79.3819324,2,"""Island Service Road"" (123)"
43.6126154,-79.388095,2,"""Beach Line"" (984)"
43.6167666,-79.384491,2,"""Coin Avenue"" (501)"
43.6169234,-79.3854943,2,"""Coin Avenue"" (563)"
43.6129237,-79.3877516,2,"""Beach Line"" (987)"
43.6167666,-79.384491,2,"""Coin Avenue"" (562)"
43.6133271,-79.3879782,2,"""Lakeshore Avenue"" (754)"
43.6131403,-79.3822264,2,"""Lakeshore Avenue"" (878)"
43.6132943,-79.383618,2,"""Lakeshore Avenue"" (963)"
43.6150603,-79.3897545,2,"""Lakeshore Avenue"" (23)"
43.6167596,-79.3813698,2,"""Island Service Road"" (57)"
43.6168496,-79.3823643,2,"""Island Service Road"" (785)"
43.6132837,-79.387488,2,"""Lakeshore Avenue"" (862)"
43.6178637,-79.3856823,2,"""Forest Lane"" (387)"
43.6167809,-79.3828778,2,"""Island Service Road"" (124)"
43.6122491,-79.3889238,2,"""Beach Line"" (978)"
43.6169234,-79.3854943,2,"""Coin Avenue"" (505)"
43.6165482,-79.3841117,2,"""Coin Avenue"" (560)"
43.6169822,-79.3856583,2,"""Coin Avenue"" (564)"
43.6132244,-79.386946,2,"""Beach Line"" (992)"
43.6178091,-79.384832,2,"""Forest Lane"" (376)"
43.617404,-79.3865975,2,"""Coin Avenue"" (565)"
43.6128615,-79.3878432,2,"""Beach Line"" (986)"
43.6134261,-79.3882444,2,"""Lakeshore Avenue"" (752)"
43.6134445,-79.3882838,2,"""Lakeshore Avenue"" (751)"
43.6131722,-79.3866062,2,"""Lakeshore Avenue"" (762)"
43.61532,-79.3899791,2,"""Lakeshore Avenue"" (815)"
43.6133062,-79.3878488,2,"""Lakeshore Avenue"" (267)"
43.6132263,-79.3833679,2,"""Lakeshore Avenue"" (732)"
43.6162006,-79.3801694,2,"""Island Service Road"" (118)"
43.6146539,-79.3897444,2,"""Lakeshore Avenue"" (848)"
43.6141332,-79.3894407,2,"""Lakeshore Avenue"" (852)"
43.6139034,-79.3891409,2,"""Lakeshore Avenue"" (854)"
43.6163132,-79.3804122,2,"""Island Service Road"" (119)"
43.6168487,-79.3815608,2,"""Island Service Road"" (121)"
43.6158941,-79.3798774,2,"""Island Service Road"" (136)"
43.6167666,-79.384491,2,"""Forest Lane"" (371)"
43.6167785,-79.3851877,2,"""Coin Avenue"" (503)"
43.6132965,-79.3877079,2,"""Lakeshore Avenue"" (268)"
43.6132205,-79.3830919,2,"""Lakeshore Avenue"" (537)"
43.6160831,-79.3799758,2,"""Island Service Road"" (116)"
43.6167809,-79.3828778,2,"""Island Service Road"" (61)"
43.6138233,-79.389037,2,"""Lakeshore Avenue"" (16)"
43.6131722,-79.3866062,2,"""Lakeshore Avenue"" (278)"
43.6130683,-79.3861623,2,"""Lakeshore Avenue"" (282)"
43.6131459,-79.382113,2,"""Lakeshore Avenue"" (547)"
43.6132735,-79.3846017,2,"""Lakeshore Avenue"" (750)"
43.613532,-79.3884696,2,"""Lakeshore Avenue"" (841)"
43.6150603,-79.3897545,2,"""Lakeshore Avenue"" (801)"
43.6169215,-79.3899882,2,"""Lakeshore Avenue"" (786)"
43.6169234,-79.3854943,2,"""Forest Lane"" (567)"
43.6143121,-79.3895955,2,"""Lakeshore Avenue"" (27)"
43.6150918,-79.3897229,2,"""Lakeshore Avenue"" (996)"
43.6132796,-79.3874168,2,"""Lakeshore Avenue"" (758)"
43.61313,-79.3852405,2,"""Lakeshore Avenue"" (768)"
43.6131863,-79.3849531,2,"""Lakeshore Avenue"" (769)"
43.6132295,-79.384778,2,"""Lakeshore Avenue"" (770)"
43.6151991,-79.3898678,2,"""Lakeshore Avenue"" (814)"
43.6131583,-79.3820054,2,"""Lakeshore Avenue"" (880)"
43.6134711,-79.3809136,2,"""Lakeshore Avenue"" (883)"
43.6132236,-79.3838423,2,"""Lakeshore Avenue"" (958)"
43.6145296,-79.3897229,2,"""Lakeshore Avenue"" (25)"
43.6144073,-79.3896653,2,"""Lakeshore Avenue"" (26)"
43.6141332,-79.3894407,2,"""Lakeshore Avenue"" (28)"
43.6162006,-79.3801694,2,"""Island Service Road"" (55)"
43.6168487,-79.3815608,2,"""Island Service Road"" (58)"
43.6168802,-79.3816837,2,"""Island Service Road"" (59)"
43.6160831,-79.3799758,2,"""Island Service Road"" (74)"
43.6127719,-79.3879488,2,"""Beach Line"" (757)"
43.6177011,-79.3855817,2,"""Forest Lane"" (563)"
43.6173653,-79.3854697,2,"""Forest Lane"" (565)"
43.613532,-79.3884696,2,"""Lakeshore Avenue"" (749)"
43.6132295,-79.384778,2,"""Lakeshore Avenue"" (956)"
43.6132299,-79.3832436,2,"""Lakeshore Avenue"" (960)"
43.6125063,-79.3882937,2,"""Beach Line"" (754)"
43.6129897,-79.3876601,2,"""Beach Line"" (760)"
43.6130464,-79.3875408,2,"""Beach Line"" (761)"
43.617404,-79.3865975,2,"""Coin Avenue"" (740)"
43.6126154,-79.388095,2,"""Beach Line"" (756)"
43.6124032,-79.3886421,2,"""Beach Line"" (751)"
43.6166711,-79.3843175,2,"""Coin Avenue"" (736)"
43.6173653,-79.3854697,2,"""Forest Lane"" (390)"
43.6175205,-79.3868364,2,"""Coin Avenue"" (639)"
43.6151467,-79.3896887,2,"""Lakeshore Avenue"" (995)"
43.6158554,-79.3892865,2,"""Lakeshore Avenue"" (991)"
43.6159964,-79.3893224,2,"""Lakeshore Avenue"" (895)"
43.6176639,-79.3847297,2,"""Forest Lane"" (550)"
43.6167785,-79.3851877,2,"""Coin Avenue"" (678)"
43.616147,-79.3893939,2,"""Lakeshore Avenue"" (990)"
43.6139034,-79.3891409,2,"""Lakeshore Avenue"" (846)"
43.6134941,-79.3883901,2,"""Lakeshore Avenue"" (750)"
43.6131956,-79.3867351,2,"""Lakeshore Avenue"" (761)"
43.6175205,-79.3868364,2,"""Coin Avenue"" (560)"
43.6168956,-79.3910168,2,"""Lakeshore Avenue"" (822)"
43.6175978,-79.3913402,2,"""Lakeshore Avenue"" (826)"
43.6179433,-79.3914594,2,"""Lakeshore Avenue"" (827)"
43.6161614,-79.3906776,2,"""Lakeshore Avenue"" (818)"
43.6160003,-79.3906127,2,"""Lakeshore Avenue"" (379)"
43.6163473,-79.3907086,2,"""Lakeshore Avenue"" (384)"
43.6167328,-79.3908896,2,"""Lakeshore Avenue"" (388)"
43.6170515,-79.3911204,2,"""Lakeshore Avenue"" (392)"
43.6179433,-79.3914594,2,"""Lakeshore Avenue"" (400)"
43.6161614,-79.3906776,2,"""Lakeshore Avenue"" (382)"
43.6168956,-79.3910168,2,"""Lakeshore Avenue"" (390)"
43.6175978,-79.3913402,2,"""Lakeshore Avenue"" (398)"
43.6164873,-79.3907465,2,"""Lakeshore Avenue"" (386)"
43.6174802,-79.3912996,2,"""Lakeshore Avenue"" (396)"
43.6177868,-79.3906129,2,"""Lakeshore Avenue"" (248)"
43.6172429,-79.3912162,2,"""Lakeshore Avenue"" (394)"
43.6167328,-79.3908896,2,"""Lakeshore Avenue"" (821)"
43.6172429,-79.3912162,2,"""Lakeshore Avenue"" (824)"
43.6158521,-79.3905281,2,"""Lakeshore Avenue"" (377)"
43.6179842,-79.3906507,2,"""Lakeshore Avenue"" (570)"
43.6172118,-79.3903043,2,"""Lakeshore Avenue"" (784)"
43.6173494,-79.3904174,2,"""Lakeshore Avenue"" (782)"
43.6177868,-79.3906129,2,"""Lakeshore Avenue"" (571)"
43.6174718,-79.3905016,2,"""Lakeshore Avenue"" (572)"
43.6174718,-79.3905016,2,"""Lakeshore Avenue"" (249)"
43.6173494,-79.3904174,2,"""Lakeshore Avenue"" (986)"
43.6170515,-79.3911204,2,"""Lakeshore Avenue"" (823)"
43.6179842,-79.3906507,2,"""Lakeshore Avenue"" (247)"
43.6172118,-79.3903043,2,"""Lakeshore Avenue"" (987)"
43.6160003,-79.3906127,2,"""Lakeshore Avenue"" (817)"
43.6164873,-79.3907465,2,"""Lakeshore Avenue"" (820)"
43.6174802,-79.3912996,2,"""Lakeshore Avenue"" (825)"
43.6176192,-79.3905657,2,"""Lakeshore Avenue"" (985)"
43.6163473,-79.3907086,2,"""Lakeshore Avenue"" (819)"
43.6158521,-79.3905281,2,"""Lakeshore Avenue"" (816)"
43.6176192,-79.3905657,2,"""Lakeshore Avenue"" (780)"
