lat,lon,sz,names,len_cat
36.0107896,-5.6077752,2,Calle Juan de Austria (934),a
36.0108379,-5.6075917,2,Calle Juan de Austria (933),a
36.0110763,-5.603655,2,Calle María Coronel (458),a
36.0110811,-5.6036938,2,Calle María Coronel (459),a
36.0110909,-5.6037527,2,Calle María Coronel (460),a
36.0111156,-5.6034497,2,Calle María Coronel (457),a
36.0111291,-5.6038101,2,Calle María Coronel (461),a
36.0112548,-5.6039047,2,Calle María Coronel (462),a
36.0112924,-5.6021977,2,Calle María Coronel (452),a
36.0112977,-5.6021251,2,Calle María Coronel (451),a
36.0113019,-5.6022703,2,Calle María Coronel (453),a
36.0113475,-5.6024236,2,Calle María Coronel (454),a
36.0113544,-5.6025334,2,Calle María Coronel (456),a
36.0113563,-5.6024755,2,Calle María Coronel (455),a
36.0116035,-5.6014493,2,Calle María Coronel (449),a
36.0116035,-5.6014493,2,Calle María Coronel (449),a
36.0116205,-5.6010139,2,Calle María Coronel (439),a
36.0116205,-5.6010139,2,Calle María Coronel (439),a
36.0116206,-5.6009541,2,Calle María Coronel (437),a
36.0116206,-5.6009541,2,Calle María Coronel (437),a
36.0116303,-5.6013524,2,Calle María Coronel (446),a
36.0116303,-5.6013524,2,Calle María Coronel (446),a
36.0116379,-5.6008364,2,Calle María Coronel (359),a
36.011639,-5.6012333,2,Calle María Coronel (441),a
36.011639,-5.6012333,2,Calle María Coronel (441),a
36.0116396,-5.601271,2,Calle María Coronel (444),a
36.0116396,-5.601271,2,Calle María Coronel (444),a
36.0116671,-5.6007414,2,Calle María Coronel (956),a
36.0116791,-5.6007019,2,Calle María Coronel (957),a
36.0118747,-5.6000561,2,Calle María Coronel (432),a
36.0119195,-5.5999715,2,Calle María Coronel (430),a
36.0127558,-5.6083011,2,Barrio Cardenal Cisneros (521),a
36.0131854,-5.6087953,2,Barrio Cardenal Cisneros (163),a
36.0132056,-5.6097436,2,Paseo Marítimo (847),a
36.0132094,-5.6097809,2,Paseo Marítimo (905),a
36.0132133,-5.6096843,2,Paseo Marítimo (777),a
36.0132243,-5.6088358,2,Barrio Cardenal Cisneros (164),a
36.013239,-5.6097788,2,Paseo Marítimo (887),a
36.0133129,-5.6088597,2,Barrio Cardenal Cisneros (165),a
36.0133129,-5.6088597,2,Barrio Cardenal Cisneros (889),a
36.0133129,-5.6088597,2,Barrio Cardenal Cisneros (900),a
36.0133151,-5.6088798,2,Barrio Cardenal Cisneros (890),a
36.0133177,-5.6097712,2,Paseo Marítimo (952),a
36.0133193,-5.6088431,2,Barrio Cardenal Cisneros (899),a
36.0133262,-5.6088946,2,Barrio Cardenal Cisneros (891),a
36.0133317,-5.6088331,2,Barrio Cardenal Cisneros (898),a
36.0133422,-5.608899,2,Barrio Cardenal Cisneros (892),a
36.0133466,-5.6088326,2,Barrio Cardenal Cisneros (897),a
36.0133481,-5.6098771,2,Paseo Marítimo (981),a
36.0133495,-5.6099149,2,Paseo Marítimo (845),a
36.0133573,-5.6088914,2,Barrio Cardenal Cisneros (893),a
36.0133594,-5.6088418,2,Barrio Cardenal Cisneros (896),a
36.0133657,-5.6088762,2,Barrio Cardenal Cisneros (894),a
36.0133665,-5.6088579,2,Barrio Cardenal Cisneros (895),a
36.0133803,-5.6099095,2,Paseo Marítimo (976),a
36.0134379,-5.6098712,2,Paseo Marítimo (779),a
36.0134917,-5.6100158,2,Paseo Marítimo (942),a
36.0134923,-5.6100505,2,Paseo Marítimo (979),a
36.0135122,-5.6099352,2,Paseo Marítimo (778),a
36.0135219,-5.6100443,2,Paseo Marítimo (911),a
36.0136473,-5.6101284,2,Paseo Marítimo (856),a
36.0136494,-5.610171,2,Paseo Marítimo (957),a
36.0136802,-5.61015,2,Paseo Marítimo (984),a
36.0137068,-5.6101506,2,Paseo Marítimo (542),a
36.0137104,-5.610107,2,Paseo Marítimo (790),a
36.0138052,-5.6102211,2,Paseo Marítimo (962),a
36.0138155,-5.6102563,2,Paseo Marítimo (958),a
36.0138418,-5.6102452,2,Paseo Marítimo (912),a
36.0138821,-5.6101839,2,Paseo Marítimo (543),a
36.0139165,-5.6100914,2,Paseo Marítimo (795),a
36.0140118,-5.6102618,2,Paseo Marítimo (544),a
36.0141224,-5.6103236,2,Paseo Marítimo (774),a
36.0141288,-5.6103829,2,Paseo Marítimo (545),a
36.0141349,-5.6104087,2,Paseo Marítimo (909),a
36.0141414,-5.6104423,2,Paseo Marítimo (890),a
36.0141707,-5.610432,2,Paseo Marítimo (881),a
36.0142961,-5.6105031,2,Paseo Marítimo (945),a
36.0143074,-5.6105383,2,Paseo Marítimo (940),a
36.0143286,-5.6105269,2,Paseo Marítimo (941),a
36.0143534,-5.6104784,2,Paseo Marítimo (775),a
36.0143729,-5.61049,2,Paseo Marítimo (854),a
36.0143897,-5.6105001,2,Paseo Marítimo (780),a
36.0144622,-5.6106011,2,Paseo Marítimo (903),a
36.0144696,-5.6106348,2,Paseo Marítimo (860),a
36.014497,-5.6106221,2,Paseo Marítimo (833),a
36.0146244,-5.6106974,2,Paseo Marítimo (829),a
36.0146321,-5.6107307,2,Paseo Marítimo (844),a
36.0146568,-5.6107174,2,Paseo Marítimo (923),a
36.0147887,-5.6107911,2,Paseo Marítimo (828),a
36.0147959,-5.6108246,2,Paseo Marítimo (809),a
36.0148206,-5.6108088,2,Paseo Marítimo (821),a
36.0148587,-5.6011856,2,Barrio Jesús Nazareno (122),a
36.0148587,-5.6011856,2,Barrio Jesús Nazareno (122),a
36.0148598,-5.6012059,2,Barrio Jesús Nazareno (121),a
36.0148598,-5.6012059,2,Barrio Jesús Nazareno (121),a
36.0148626,-5.6011659,2,Barrio Jesús Nazareno (123),a
36.0148626,-5.6011659,2,Barrio Jesús Nazareno (123),a
36.0148656,-5.6012249,2,Barrio Jesús Nazareno (120),a
36.0148656,-5.6012249,2,Barrio Jesús Nazareno (120),a
36.014871,-5.6011485,2,Barrio Jesús Nazareno (124),a
36.014871,-5.6011485,2,Barrio Jesús Nazareno (124),a
36.0149481,-5.6108828,2,Paseo Marítimo (885),a
36.0149614,-5.6109176,2,Paseo Marítimo (892),a
36.0149879,-5.6109053,2,Paseo Marítimo (888),a
36.0150174,-5.6010103,2,Barrio Jesús Nazareno (125),a
36.0150369,-5.6010085,2,Barrio Jesús Nazareno (126),a
36.0150558,-5.6010151,2,Barrio Jesús Nazareno (127),a
36.0150717,-5.6010291,2,Barrio Jesús Nazareno (128),a
36.0151137,-5.610973,2,Paseo Marítimo (897),a
36.0151246,-5.6110065,2,Paseo Marítimo (965),a
36.0151385,-5.6109591,2,Paseo Marítimo (546),a
36.0151498,-5.6109919,2,Paseo Marítimo (936),a
36.0151766,-5.6109421,2,Paseo Marítimo (788),a
36.0152027,-5.6012433,2,Barrio Jesús Nazareno (408),a
36.0152027,-5.6012433,2,Barrio Jesús Nazareno (408),a
36.0152796,-5.6110606,2,Paseo Marítimo (886),a
36.0152901,-5.6110921,2,Paseo Marítimo (880),a
36.0152922,-5.6010199,2,Barrio Jesús Nazareno (539),a
36.0153169,-5.6110793,2,Paseo Marítimo (916),a
36.0154126,-5.6001244,2,Paseo del Retiro (916),a
36.0154441,-5.6111455,2,Paseo Marítimo (870),a
36.0154575,-5.6111781,2,Paseo Marítimo (971),a
36.0154809,-5.6111638,2,Paseo Marítimo (819),a
36.0154817,-5.6008459,2,Barrio Jesús Nazareno (537),a
36.0154817,-5.6008459,2,Barrio Jesús Nazareno (538),a
36.0154817,-5.6008459,2,Barrio Jesús Nazareno (541),a
36.015496,-5.599955,2,Paseo del Retiro (918),a
36.0155419,-5.5997833,2,Paseo del Retiro (920),a
36.0155556,-5.6111368,2,Paseo Marítimo (787),a
36.015609,-5.5994825,2,Paseo del Retiro (173),a
36.0156264,-5.611175,2,Paseo Marítimo (900),a
36.015633,-5.6112387,2,Paseo Marítimo (814),a
36.0156393,-5.6112131,2,Paseo Marítimo (541),a
36.0156698,-5.6111013,2,Paseo Marítimo (766),a
36.0157006,-5.6112422,2,Paseo Marítimo (536),a
36.0157025,-5.5991805,2,Paseo del Retiro (922),a
36.0157041,-5.6006308,2,Barrio Jesús Nazareno (536),a
36.0157066,-5.6111335,2,Paseo Marítimo (767),a
36.015723,-5.6006241,2,Barrio Jesús Nazareno (535),a
36.0157378,-5.6112902,2,Paseo Marítimo (933),a
36.0157407,-5.6111417,2,Paseo Marítimo (772),a
36.0157427,-5.6006249,2,Barrio Jesús Nazareno (534),a
36.0157462,-5.6112701,2,Paseo Marítimo (862),a
36.0157566,-5.611245,2,Paseo Marítimo (820),a
36.0157589,-5.6111547,2,Paseo Marítimo (768),a
36.0157612,-5.6006332,2,Barrio Jesús Nazareno (533),a
36.015764,-5.611222,2,Paseo Marítimo (531),a
36.0157768,-5.6006482,2,Barrio Jesús Nazareno (532),a
36.0157934,-5.5989526,2,Paseo del Retiro (924),a
36.0157943,-5.6006637,2,Barrio Jesús Nazareno (531),a
36.0158071,-5.6111826,2,Paseo Marítimo (769),a
36.0158148,-5.6006721,2,Barrio Jesús Nazareno (530),a
36.015826,-5.6111727,2,Paseo Marítimo (792),a
36.0158298,-5.6112903,2,Paseo Marítimo (995),a
36.0158363,-5.6006728,2,Barrio Jesús Nazareno (529),a
36.0158571,-5.6006657,2,Barrio Jesús Nazareno (528),a
36.0158896,-5.6006429,2,Barrio Jesús Nazareno (527),a
36.0159284,-5.6045465,2,Calle Antonio Maura (886),a
36.0159546,-5.6113675,2,Paseo Marítimo (879),a
36.0159638,-5.6114061,2,Paseo Marítimo (928),a
36.0159894,-5.6113887,2,Paseo Marítimo (948),a
36.0160382,-5.604252,2,Calle Antonio Maura (637),a
36.0160612,-5.5985006,2,Paseo del Retiro (926),a
36.0161132,-5.6114693,2,Paseo Marítimo (849),a
36.0161219,-5.6115013,2,Paseo Marítimo (977),a
36.0161484,-5.6114895,2,Paseo Marítimo (915),a
36.0161886,-5.6114065,2,Paseo Marítimo (773),a
36.0162893,-5.6115291,2,Paseo Marítimo (551),a
36.0163166,-5.59814,2,Paseo del Retiro (928),a
36.016436,-5.6116729,2,Paseo Marítimo (823),a
36.0164443,-5.6117095,2,Paseo Marítimo (938),a
36.0164709,-5.6116961,2,Paseo Marítimo (875),a
36.0165017,-5.5979049,2,Paseo del Retiro (930),a
36.016524,-5.6116187,2,Paseo Marítimo (761),a
36.0165256,-5.6068767,2,Calle Callao (261),a
36.0165341,-5.5978689,2,Paseo del Retiro (174),a
36.0165574,-5.6068284,2,Calle Batalla del Salado (613),a
36.0165574,-5.6068284,2,Calle Callao (636),a
36.0165574,-5.6068284,2,Calle Cánovas del Castillo (340),a
36.0165964,-5.6117739,2,Paseo Marítimo (982),a
36.0166018,-5.6067616,2,Calle Cánovas del Castillo (412),a
36.0166019,-5.6068717,2,Calle Batalla del Salado (159),a
36.0166056,-5.6118083,2,Paseo Marítimo (878),a
36.0166343,-5.6117947,2,Paseo Marítimo (816),a
36.0166803,-5.5977061,2,Paseo del Retiro (932),a
36.0167553,-5.6118749,2,Paseo Marítimo (929),a
36.0167662,-5.6119112,2,Paseo Marítimo (824),a
36.016794,-5.6118987,2,Paseo Marítimo (944),a
36.016851,-5.5975707,2,Paseo del Retiro (895),a
36.0168557,-5.6071173,2,Calle Batalla del Salado (612),a
36.0168557,-5.6071173,2,Calle José María Pemán (529),a
36.0169102,-5.5975237,2,Paseo del Retiro (934),a
36.0170759,-5.6120812,2,Paseo Marítimo (874),a
36.0170762,-5.6027397,2,Barrio Santo Domingo de Guzmán (571),a
36.017085,-5.6121161,2,Paseo Marítimo (840),a
36.0170969,-5.6119728,2,Paseo Marítimo (786),a
36.0171118,-5.6121046,2,Paseo Marítimo (946),a
36.0171121,-5.6025338,2,Barrio Santo Domingo de Guzmán (569),a
36.0171284,-5.6026472,2,Barrio Santo Domingo de Guzmán (570),a
36.0171662,-5.5973627,2,Paseo del Retiro (936),a
36.0171783,-5.6031588,2,Barrio Santo Domingo de Guzmán (574),a
36.0172128,-5.6031028,2,Barrio Santo Domingo de Guzmán (573),a
36.0172143,-5.6051886,2,Calle Pintor Manuel Reine (036),a
36.0172143,-5.6051886,2,Calle Pintor Manuel Reine (824),a
36.0172288,-5.6028714,2,Barrio Santo Domingo de Guzmán (572),a
36.0172313,-5.5973323,2,Paseo del Retiro (937),a
36.0172377,-5.6121831,2,Paseo Marítimo (838),a
36.0172475,-5.6122153,2,Paseo Marítimo (978),a
36.017251,-5.6027689,2,Barrio Santo Domingo de Guzmán (583),a
36.0172726,-5.6122039,2,Paseo Marítimo (904),a
36.0173249,-5.604986,2,Calle Pintor Manuel Reine (037),a
36.0173702,-5.5972555,2,Paseo del Retiro (939),a
36.0173793,-5.6122322,2,Paseo Marítimo (552),a
36.0173986,-5.612283,2,Paseo Marítimo (861),a
36.0174007,-5.6121866,2,Paseo Marítimo (988),a
36.0174043,-5.61232,2,Paseo Marítimo (966),a
36.0174348,-5.6123056,2,Paseo Marítimo (921),a
36.0174538,-5.6011085,2,Calle Amador de los Ríos (032),a
36.0174711,-5.6054729,2,Calle Cánovas del Castillo (344),a
36.0174711,-5.6054729,2,Calle Cánovas del Castillo (345),a
36.0174711,-5.6054729,2,Calle Cánovas del Castillo (348),a
36.0175101,-5.6017035,2,Calle Antonio Maura (328),a
36.0175101,-5.6017035,2,Calle Antonio Maura (328),a
36.0175686,-5.601631,2,Calle Antonio Maura (329),a
36.0175686,-5.601631,2,Calle Antonio Maura (329),a
36.0175743,-5.6123962,2,Paseo Marítimo (931),a
36.0175783,-5.6123994,2,Paseo Marítimo (804),a
36.0175794,-5.6010012,2,Calle Amador de los Ríos (031),a
36.0175922,-5.6123678,2,Paseo Marítimo (553),a
36.0176188,-5.5971356,2,Paseo del Retiro (941),a
36.0176263,-5.6015595,2,Calle Antonio Maura (968),a
36.0176263,-5.6015595,2,Calle Antonio Maura (968),a
36.0176291,-5.6067797,2,Urbanización El Recreo (311),a
36.017645,-5.6123585,2,Paseo Marítimo (802),a
36.0176483,-5.6067703,2,Urbanización El Recreo (317),a
36.0176602,-5.6123548,2,Paseo Marítimo (801),a
36.0176703,-5.6123433,2,Paseo Marítimo (799),a
36.0176754,-5.6123286,2,Paseo Marítimo (800),a
36.0176805,-5.6057472,2,Calle Cánovas del Castillo (349),a
36.0177133,-5.6125479,2,Paseo Marítimo (973),a
36.0177162,-5.6125103,2,Paseo Marítimo (812),a
36.0177245,-5.6122818,2,Paseo Marítimo (846),a
36.0177389,-5.6124641,2,Paseo Marítimo (532),a
36.0177467,-5.6125456,2,Paseo Marítimo (919),a
36.0177496,-5.61226,2,Paseo Marítimo (797),a
36.0177893,-5.6065679,2,Urbanización El Recreo (314),a
36.0177992,-5.6065589,2,Urbanización El Recreo (319),a
36.0178,-5.6125654,2,Paseo Marítimo (535),a
36.0178154,-5.6065515,2,Urbanización El Recreo (318),a
36.0178323,-5.5970382,2,Paseo del Retiro (957),a
36.0178329,-5.6065538,2,Urbanización El Recreo (313),a
36.0178329,-5.6065538,2,Urbanización Vista Paloma (491),a
36.0178644,-5.6126899,2,Paseo Marítimo (803),a
36.0178778,-5.6126737,2,Paseo Marítimo (540),a
36.0179065,-5.6126013,2,Paseo Marítimo (765),a
36.0179595,-5.6126985,2,Paseo Marítimo (764),a
36.0179747,-5.6128629,2,Paseo Marítimo (955),a
36.0179759,-5.6128266,2,Paseo Marítimo (939),a
36.0180038,-5.612865,2,Paseo Marítimo (817),a
36.0180416,-5.6116814,2,Avenida Pintor Guillermo Pérez Villalta (458),a
36.0180429,-5.6001396,2,Barrio Virgen del Sol (609),a
36.0180482,-5.6067692,2,Urbanización El Recreo (323),a
36.0180482,-5.6067692,2,Urbanización Vista Paloma (492),a
36.0180482,-5.6067692,2,Urbanización Vista Paloma (502),a
36.0180888,-5.6000993,2,Barrio Virgen del Sol (612),a
36.0181005,-5.6130211,2,Paseo Marítimo (852),a
36.018102,-5.6129832,2,Paseo Marítimo (959),a
36.0181164,-5.6001828,2,Barrio Virgen del Sol (613),a
36.0181228,-5.6120992,2,Avenida Pintor Guillermo Pérez Villalta (257),a
36.0181327,-5.6130217,2,Paseo Marítimo (949),a
36.0181565,-5.6001625,2,Barrio Virgen del Sol (614),a
36.0181779,-5.6001514,2,Barrio Virgen del Sol (623),a
36.0181895,-5.6120072,2,Avenida Pintor Guillermo Pérez Villalta (459),a
36.0181906,-5.6001897,2,Barrio Virgen del Sol (611),a
36.018199,-5.6002106,2,Barrio Virgen del Sol (615),a
36.0182039,-5.6120375,2,Avenida Pintor Guillermo Pérez Villalta (460),a
36.0182064,-5.612259,2,Avenida Pintor Guillermo Pérez Villalta (248),a
36.0182266,-5.6002941,2,Barrio Virgen del Sol (616),a
36.0182278,-5.6131768,2,Paseo Marítimo (830),a
36.0182295,-5.6131402,2,Paseo Marítimo (983),a
36.0182378,-5.6003274,2,Barrio Virgen del Sol (605),a
36.0182378,-5.6003274,2,Barrio Virgen del Sol (621),a
36.0182488,-5.6003601,2,Barrio Virgen del Sol (620),a
36.0182598,-5.6131778,2,Paseo Marítimo (842),a
36.0182817,-5.6005555,2,Calle Amador de los Ríos (144),a
36.0182825,-5.6122063,2,Avenida Pintor Guillermo Pérez Villalta (463),a
36.0182968,-5.6062837,2,Urbanización Vista Paloma (497),a
36.0183087,-5.6002947,2,Barrio Virgen del Sol (606),a
36.0183345,-5.6124911,2,Avenida Pintor Guillermo Pérez Villalta (246),a
36.0183549,-5.6133335,2,Paseo Marítimo (850),a
36.0183558,-5.6132933,2,Paseo Marítimo (839),a
36.0183588,-5.6007636,2,Barrio Virgen del Carmen (549),a
36.018372,-5.6070867,2,Urbanización El Recreo (321),a
36.018372,-5.6070867,2,Urbanización Vista Paloma (490),a
36.018372,-5.6070867,2,Urbanización Vista Paloma (494),a
36.0183723,-5.6005097,2,Calle Amador de los Ríos (147),a
36.018383,-5.6133327,2,Paseo Marítimo (858),a
36.018388,-5.6123854,2,Avenida Pintor Guillermo Pérez Villalta (236),a
36.0184477,-5.606016,2,Urbanización Vista Paloma (493),a
36.0184974,-5.6134662,2,Paseo Marítimo (908),a
36.0184974,-5.6134662,2,Paseo Marítimo (908),a
36.0185003,-5.6127115,2,Avenida Pintor Guillermo Pérez Villalta (247),a
36.018504,-5.6059262,2,Urbanización Vista Paloma (495),a
36.0185098,-5.6125666,2,Avenida Pintor Guillermo Pérez Villalta (464),a
36.0185114,-5.6134825,2,Paseo Marítimo (917),a
36.0185114,-5.6134825,2,Paseo Marítimo (917),a
36.0185172,-5.6134506,2,Paseo Marítimo (548),a
36.0185172,-5.6134506,2,Paseo Marítimo (548),a
36.0185509,-5.6076376,2,Urbanización El Recreo (290),a
36.0185572,-5.612623,2,Avenida Pintor Guillermo Pérez Villalta (465),a
36.0185639,-5.6076305,2,Urbanización El Recreo (291),a
36.0185819,-5.6076336,2,Urbanización El Recreo (292),a
36.0186163,-5.6134891,2,Paseo Marítimo (785),a
36.0186163,-5.6134891,2,Paseo Marítimo (785),a
36.018622,-5.6135769,2,Paseo Marítimo (832),a
36.018622,-5.6135769,2,Paseo Marítimo (832),a
36.0186274,-5.6136133,2,Paseo Marítimo (811),a
36.0186274,-5.6136133,2,Paseo Marítimo (811),a
36.0186342,-5.6135008,2,Paseo Marítimo (951),a
36.0186342,-5.6135008,2,Paseo Marítimo (951),a
36.0186485,-5.6066878,2,Urbanización Vista Paloma (488),a
36.0186485,-5.6066878,2,Urbanización Vista Paloma (500),a
36.0186562,-5.6136007,2,Paseo Marítimo (818),a
36.0186562,-5.6136007,2,Paseo Marítimo (818),a
36.0186809,-5.6135974,2,Paseo Marítimo (533),a
36.0186809,-5.6135974,2,Paseo Marítimo (533),a
36.0186827,-5.6127654,2,Avenida Pintor Guillermo Pérez Villalta (238),a
36.0187695,-5.6129926,2,Avenida Pintor Guillermo Pérez Villalta (245),a
36.0187758,-5.6063254,2,Urbanización Vista Paloma (489),a
36.0187783,-5.6136805,2,Paseo Marítimo (871),a
36.0187783,-5.6136805,2,Paseo Marítimo (871),a
36.0187873,-5.6137166,2,Paseo Marítimo (853),a
36.0187873,-5.6137166,2,Paseo Marítimo (853),a
36.0188021,-5.6068575,2,Urbanización Vista Paloma (499),a
36.0188077,-5.6000612,2,Barrio Virgen del Sol (607),a
36.0188178,-5.6128987,2,Avenida Pintor Guillermo Pérez Villalta (466),a
36.0188181,-5.6137029,2,Paseo Marítimo (859),a
36.0188181,-5.6137029,2,Paseo Marítimo (859),a
36.0188433,-5.6130597,2,Avenida Pintor Guillermo Pérez Villalta (256),a
36.0188729,-5.6130882,2,Avenida Pintor Guillermo Pérez Villalta (253),a
36.0188737,-5.607552,2,Urbanización el Acebuche (230),a
36.0188774,-5.6002544,2,Calle Amador de los Ríos (146),a
36.0188799,-5.6076883,2,Urbanización el Acebuche (283),a
36.0188828,-5.6074078,2,Urbanización el Acebuche (231),a
36.0188837,-5.6136629,2,Paseo Marítimo (826),a
36.0188837,-5.6136629,2,Paseo Marítimo (826),a
36.018892,-5.6129565,2,Avenida Pintor Guillermo Pérez Villalta (239),a
36.0188959,-5.6078145,2,Urbanización El Recreo (287),a
36.0188959,-5.6078145,2,Urbanización El Recreo (289),a
36.0188959,-5.6078145,2,Urbanización el Acebuche (229),a
36.0189053,-5.6136769,2,Paseo Marítimo (894),a
36.0189053,-5.6136769,2,Paseo Marítimo (894),a
36.0189115,-5.607854,2,Urbanización el Acebuche (228),a
36.018916,-5.6072456,2,Urbanización el Acebuche (232),a
36.0189395,-5.6137813,2,Paseo Marítimo (934),a
36.0189395,-5.6137813,2,Paseo Marítimo (934),a
36.0189401,-5.612994,2,Avenida Pintor Guillermo Pérez Villalta (235),a
36.0189497,-5.6138169,2,Paseo Marítimo (877),a
36.0189497,-5.6138169,2,Paseo Marítimo (877),a
36.0189518,-5.6071373,2,Urbanización el Acebuche (233),a
36.0189549,-5.6079412,2,Urbanización el Acebuche (227),a
36.0189768,-5.6138033,2,Paseo Marítimo (899),a
36.0189768,-5.6138033,2,Paseo Marítimo (899),a
36.019012,-5.5999709,2,Barrio Virgen del Sol (604),a
36.0190122,-5.608034,2,Urbanización el Acebuche (226),a
36.0190204,-5.6069935,2,Urbanización el Acebuche (234),a
36.0190635,-5.6132114,2,Avenida Pintor Guillermo Pérez Villalta (249),a
36.0190911,-5.6081322,2,Urbanización el Acebuche (225),a
36.019097,-5.6130919,2,Avenida Pintor Guillermo Pérez Villalta (468),a
36.0191093,-5.6132357,2,Avenida Pintor Guillermo Pérez Villalta (255),a
36.0191163,-5.6138925,2,Paseo Marítimo (808),a
36.0191163,-5.6138925,2,Paseo Marítimo (808),a
36.0191235,-5.6138735,2,Paseo Marítimo (547),a
36.0191235,-5.6138735,2,Paseo Marítimo (547),a
36.019151,-5.6131187,2,Avenida Pintor Guillermo Pérez Villalta (234),a
36.0192623,-5.6133083,2,Avenida Pintor Guillermo Pérez Villalta (244),a
36.0192667,-5.6139886,2,Paseo Marítimo (893),a
36.0192667,-5.6139886,2,Paseo Marítimo (893),a
36.0192731,-5.6140203,2,Paseo Marítimo (902),a
36.0192731,-5.6140203,2,Paseo Marítimo (902),a
36.0192954,-5.6140064,2,Paseo Marítimo (910),a
36.0192954,-5.6140064,2,Paseo Marítimo (910),a
36.0192971,-5.6055478,2,Avenida Primero de Mayo (664),a
36.0193071,-5.6053652,2,Avenida Primero de Mayo (668),a
36.0193239,-5.6131982,2,Avenida Pintor Guillermo Pérez Villalta (469),a
36.0193303,-5.6051838,2,Avenida Primero de Mayo (663),a
36.019338,-5.5996303,2,Calle Algeciras (793),a
36.0193733,-5.6049999,2,Avenida Primero de Mayo (667),a
36.0194101,-5.5996778,2,Calle Algeciras (794),a
36.0194214,-5.6140844,2,Paseo Marítimo (898),a
36.0194214,-5.6140844,2,Paseo Marítimo (898),a
36.0194298,-5.6141163,2,Paseo Marítimo (889),a
36.0194298,-5.6141163,2,Paseo Marítimo (889),a
36.0194349,-5.6048038,2,Avenida Primero de Mayo (662),a
36.019458,-5.6141053,2,Paseo Marítimo (970),a
36.019458,-5.6141053,2,Paseo Marítimo (970),a
36.0194618,-5.603715,2,Avenida Alfonso Fernández Coronel (969),a
36.0194895,-5.5997017,2,Calle Algeciras (795),a
36.0194942,-5.5999421,2,Calle Amador de los Ríos (026),a
36.0195071,-5.6046285,2,Avenida Primero de Mayo (661),a
36.0195088,-5.6132558,2,Avenida Pintor Guillermo Pérez Villalta (237),a
36.0195216,-5.6133852,2,Avenida Pintor Guillermo Pérez Villalta (243),a
36.0195482,-5.6036767,2,Avenida Alfonso Fernández Coronel (970),a
36.0195506,-5.5997098,2,Calle Algeciras (456),a
36.0195569,-5.6045326,2,Avenida Primero de Mayo (669),a
36.0195609,-5.6035956,2,Calle Pedro Lobo (466),a
36.0195833,-5.6141838,2,Paseo Marítimo (882),a
36.0195833,-5.6141838,2,Paseo Marítimo (882),a
36.0195848,-5.604479,2,Avenida Primero de Mayo (660),a
36.0195899,-5.6142162,2,Paseo Marítimo (960),a
36.0195899,-5.6142162,2,Paseo Marítimo (960),a
36.0196023,-5.6036428,2,Avenida Alfonso Fernández Coronel (971),a
36.0196023,-5.6036428,2,Calle Pedro Lobo (071),a
36.0196173,-5.6142064,2,Paseo Marítimo (872),a
36.0196173,-5.6142064,2,Paseo Marítimo (872),a
36.0196268,-5.59972,2,Calle Algeciras (796),a
36.0196358,-5.6074238,2,Urbanización el Acebuche (777),a
36.0196569,-5.5997336,2,Calle Algeciras (797),a
36.0196665,-5.6043395,2,Avenida Primero de Mayo (666),a
36.0196818,-5.5997584,2,Calle Algeciras (798),a
36.0197105,-5.5998118,2,Calle Algeciras (799),a
36.0197105,-5.5998118,2,Calle Amador de los Ríos (025),a
36.0197431,-5.6142843,2,Paseo Marítimo (866),a
36.0197431,-5.6142843,2,Paseo Marítimo (866),a
36.0197519,-5.6143181,2,Paseo Marítimo (855),a
36.0197519,-5.6143181,2,Paseo Marítimo (855),a
36.0197755,-5.6038215,2,Calle Pedro Lobo (602),a
36.0197755,-5.6038215,2,Calle Pedro Lobo (927),a
36.0197797,-5.6143078,2,Paseo Marítimo (831),a
36.0197797,-5.6143078,2,Paseo Marítimo (831),a
36.01979,-5.6041634,2,Avenida Primero de Mayo (659),a
36.0198105,-5.6142496,2,Paseo Marítimo (863),a
36.0198105,-5.6142496,2,Paseo Marítimo (863),a
36.0198106,-5.6039007,2,Calle Pedro Lobo (926),a
36.0198195,-5.5997438,2,Calle Amador de los Ríos (024),a
36.0198199,-5.6039838,2,Calle Pedro Lobo (925),a
36.0198383,-5.6038669,2,Calle Pedro Lobo (657),a
36.0198431,-5.6035122,2,Avenida Alfonso Fernández Coronel (972),a
36.0198514,-5.6040765,2,Avenida Primero de Mayo (658),a
36.0198542,-5.6141425,2,Paseo Marítimo (798),a
36.0198542,-5.6141425,2,Paseo Marítimo (798),a
36.0198599,-5.5999817,2,Barrio Virgen del Carmen (206),a
36.0198652,-5.6141568,2,Paseo Marítimo (770),a
36.0198652,-5.6141568,2,Paseo Marítimo (770),a
36.0198797,-5.6038758,2,Calle Pedro Lobo (656),a
36.0199013,-5.6143852,2,Paseo Marítimo (807),a
36.0199013,-5.5999658,2,Barrio Virgen del Carmen (205),a
36.0199109,-5.6143654,2,Paseo Marítimo (539),a
36.0199109,-5.6034701,2,Avenida Alfonso Fernández Coronel (973),a
36.0199134,-5.5996277,2,Calle Amador de los Ríos (071),a
36.0199237,-5.5997048,2,Calle Amador de los Ríos (074),a
36.0199447,-5.5999656,2,Barrio Virgen del Carmen (204),a
36.019958,-5.5995709,2,Calle Amador de los Ríos (072),a
36.0199632,-5.6034345,2,Avenida Alfonso Fernández Coronel (974),a
36.0199841,-5.6038982,2,Avenida Primero de Mayo (655),a
36.0199861,-5.5999812,2,Barrio Virgen del Carmen (203),a
36.0200031,-5.5996683,2,Calle Amador de los Ríos (073),a
36.0200121,-5.5996742,2,Avenida Alfonso Fernández Coronel (606),a
36.0200197,-5.6033967,2,Avenida Alfonso Fernández Coronel (975),a
36.0200221,-5.6000112,2,Barrio Virgen del Carmen (202),a
36.0200441,-5.599751,2,Avenida Alfonso Fernández Coronel (605),a
36.0200452,-5.6038168,2,Avenida Primero de Mayo (654),a
36.0200494,-5.6000529,2,Barrio Virgen del Carmen (201),a
36.020065,-5.6144895,2,Paseo Marítimo (969),a
36.0200655,-5.6001026,2,Barrio Virgen del Carmen (200),a
36.0200716,-5.5994566,2,Carretera Cádiz - Málaga (069),a
36.0200719,-5.6033517,2,Avenida Alfonso Fernández Coronel (976),a
36.0200729,-5.6145192,2,Paseo Marítimo (864),a
36.0200956,-5.6144178,2,Paseo Marítimo (925),a
36.0200991,-5.6145101,2,Paseo Marítimo (837),a
36.0201034,-5.5999225,2,Avenida Alfonso Fernández Coronel (603),a
36.0201034,-5.5999225,2,Avenida Alfonso Fernández Coronel (604),a
36.0201034,-5.5999225,2,Avenida Alfonso Fernández Coronel (924),a
36.020113,-5.5997597,2,Avenida Alfonso Fernández Coronel (602),a
36.0201177,-5.6033056,2,Avenida Alfonso Fernández Coronel (977),a
36.0201255,-5.6143373,2,Paseo Marítimo (771),a
36.0201255,-5.6143373,2,Paseo Marítimo (771),a
36.0201273,-5.5996368,2,Avenida Alfonso Fernández Coronel (601),a
36.0201333,-5.6000425,2,Avenida Alfonso Fernández Coronel (923),a
36.0201347,-5.6036826,2,Avenida Primero de Mayo (653),a
36.0201402,-5.5996057,2,Carretera Cádiz - Málaga (077),a
36.0201654,-5.6032586,2,Avenida Alfonso Fernández Coronel (978),a
36.0202036,-5.5995009,2,Carretera Cádiz - Málaga (076),a
36.0202119,-5.6032042,2,Avenida Alfonso Fernández Coronel (979),a
36.0202226,-5.6145863,2,Paseo Marítimo (924),a
36.0202311,-5.6035113,2,Avenida Primero de Mayo (652),a
36.020233,-5.6146204,2,Paseo Marítimo (895),a
36.0202613,-5.6146106,2,Paseo Marítimo (974),a
36.0202815,-5.6031075,2,Avenida Alfonso Fernández Coronel (980),a
36.020305,-5.5993561,2,Carretera Cádiz - Málaga (070),a
36.020305,-5.5993561,2,Carretera Cádiz - Málaga (075),a
36.020305,-5.5993561,2,Carretera Cádiz - Málaga (609),a
36.0203105,-5.6030635,2,Avenida Alfonso Fernández Coronel (471),a
36.0203307,-5.6032888,2,Avenida Primero de Mayo (656),a
36.020343,-5.6030142,2,Avenida Alfonso Fernández Coronel (981),a
36.0203828,-5.6146897,2,Paseo Marítimo (841),a
36.0203932,-5.6147225,2,Paseo Marítimo (963),a
36.0204003,-5.602887,2,Avenida Alfonso Fernández Coronel (982),a
36.0204123,-5.6030665,2,Avenida Primero de Mayo (651),a
36.0204186,-5.6147118,2,Paseo Marítimo (927),a
36.0204458,-5.6027445,2,Avenida Alfonso Fernández Coronel (983),a
36.020486,-5.6027973,2,Avenida Primero de Mayo (650),a
36.020529,-5.6025389,2,Avenida Alfonso Fernández Coronel (916),a
36.020529,-5.6025389,2,Avenida Alfonso Fernández Coronel (984),a
36.020529,-5.6025389,2,Avenida Primero de Mayo (649),a
36.0205471,-5.6147913,2,Paseo Marítimo (813),a
36.0205482,-5.6024031,2,Avenida Alfonso Fernández Coronel (917),a
36.0205561,-5.6148233,2,Paseo Marítimo (943),a
36.0205582,-5.6018232,2,Avenida Alfonso Fernández Coronel (920),a
36.0205582,-5.6018232,2,Avenida Alfonso Fernández Coronel (920),a
36.0205673,-5.6021646,2,Avenida Alfonso Fernández Coronel (918),a
36.0205673,-5.6021646,2,Avenida Alfonso Fernández Coronel (918),a
36.0205673,-5.6021646,2,Calle Rodrigo Pérez Ponce (075),a
36.0205673,-5.6021646,2,Calle Rodrigo Pérez Ponce (075),a
36.0205702,-5.6019974,2,Avenida Alfonso Fernández Coronel (919),a
36.0205702,-5.6019974,2,Avenida Alfonso Fernández Coronel (919),a
36.0205817,-5.614811,2,Paseo Marítimo (873),a
36.0207194,-5.6148976,2,Paseo Marítimo (987),a
36.0208313,-5.6148791,2,Paseo Marítimo (920),a
36.020868,-5.6149911,2,Paseo Marítimo (950),a
36.0208756,-5.615025,2,Paseo Marítimo (935),a
36.0209017,-5.6150152,2,Paseo Marítimo (825),a
36.021025,-5.6150937,2,Paseo Marítimo (985),a
36.0210365,-5.6151276,2,Paseo Marítimo (822),a
36.0210645,-5.6151175,2,Paseo Marítimo (932),a
36.0210933,-5.59869,2,Carretera Cádiz - Málaga (608),a
36.021189,-5.6151921,2,Paseo Marítimo (835),a
36.0211987,-5.6152267,2,Paseo Marítimo (883),a
36.0212244,-5.6152151,2,Paseo Marítimo (980),a
36.0212514,-5.5985521,2,Carretera Cádiz - Málaga (607),a
36.0213478,-5.6152955,2,Paseo Marítimo (810),a
36.0213551,-5.6153308,2,Paseo Marítimo (986),a
36.021387,-5.6153191,2,Paseo Marítimo (961),a
36.0213954,-5.5984264,2,Carretera Cádiz - Málaga (150),a
36.0216389,-5.5982045,2,Carretera Cádiz - Málaga (148),a
36.021829,-5.5980089,2,Carretera Cádiz - Málaga (151),a
36.021951,-5.5978633,2,Carretera Cádiz - Málaga (149),a
36.0229001,-5.6116332,2,Calle Batalla del Salado (427),a
36.0231325,-5.6116256,2,Calle Batalla del Salado (426),a
36.0238502,-5.5889623,2,Cañada de Alfaneque (557),a
36.0239128,-5.5891777,2,Cañada de Alfaneque (556),a
36.024027,-5.589358,2,Cañada de Alfaneque (555),a
36.0240399,-5.6124511,2,Calle Cigüeña Negra (277),a
36.024155,-5.6124577,2,Calle Cigüeña Negra (278),a
36.0242873,-5.5896941,2,Cañada de Alfaneque (554),a
36.0243773,-5.5919503,2,Cañada de Alfaneque (545),a
36.0243774,-5.592041,2,Cañada de Alfaneque (544),a
36.0243909,-5.5921259,2,Cañada de Alfaneque (543),a
36.0244001,-5.5918774,2,Cañada de Alfaneque (546),a
36.0244316,-5.5922207,2,Cañada de Alfaneque (542),a
36.0244559,-5.5899687,2,Cañada de Alfaneque (553),a
36.0244778,-5.5916751,2,Cañada de Alfaneque (547),a
36.0244847,-5.5922864,2,Cañada de Alfaneque (541),a
36.0245235,-5.5923304,2,Cañada de Alfaneque (540),a
36.0245878,-5.5902627,2,Cañada de Alfaneque (552),a
36.0246474,-5.5912019,2,Cañada de Alfaneque (548),a
36.0246756,-5.5905752,2,Cañada de Alfaneque (551),a
36.0247037,-5.5909989,2,Cañada de Alfaneque (549),a
36.0247134,-5.5907846,2,Cañada de Alfaneque (550),a
36.0253513,-5.6136518,2,Calle Cigüeña Blanca (850),a
36.0253513,-5.6136518,2,Calle Cigüeña Blanca (850),a
36.0256837,-5.6136752,2,Calle Cigüeña Blanca (851),a
36.0256837,-5.6136752,2,Calle Cigüeña Blanca (851),a
36.0257281,-5.6065826,2,Calle Gibraltar (518),a
36.0257294,-5.6066248,2,Calle Gibraltar (519),a
36.0257368,-5.6065418,2,Calle Gibraltar (517),a
36.0257516,-5.6136583,2,Calle Cigüeña Blanca (852),a
36.0257516,-5.6136583,2,Calle Cigüeña Blanca (852),a
36.0257545,-5.6065057,2,Calle Gibraltar (516),a
36.0257635,-5.6072438,2,Calle Gibraltar (520),a
36.0257765,-5.6078641,2,Calle Gibraltar (523),a
36.0257799,-5.6064775,2,Calle Gibraltar (515),a
36.0257863,-5.6077507,2,Calle Gibraltar (522),a
36.0257863,-5.6076059,2,Calle Gibraltar (521),a
36.0258124,-5.6136118,2,Calle Cigüeña Blanca (853),a
36.0258124,-5.6136118,2,Calle Cigüeña Blanca (853),a
36.025851,-5.6135495,2,Calle Cigüeña Blanca (854),a
36.025851,-5.6135495,2,Calle Cigüeña Blanca (854),a
36.0258861,-5.613433,2,Calle Cigüeña Blanca (855),a
36.0258861,-5.613433,2,Calle Cigüeña Blanca (855),a
36.0259034,-5.6133342,2,Calle Cigüeña Blanca (856),a
36.0259034,-5.6133342,2,Calle Cigüeña Blanca (856),a
36.0259094,-5.6125768,2,Calle Cigüeña Negra (279),a
36.0259321,-5.6064129,2,Calle Gibraltar (472),a
36.0260025,-5.6127648,2,Calle Cigüeña Blanca (525),a
36.0260338,-5.6125852,2,Calle Cigüeña Blanca (857),a
36.0260338,-5.6125852,2,Calle Cigüeña Negra (770),a
36.0260884,-5.6063465,2,Calle Gibraltar (514),a
36.0261021,-5.6118707,2,Calle Cigüeña Blanca (868),a
36.0261137,-5.6118988,2,Calle Cigüeña Blanca (867),a
36.0261193,-5.6119296,2,Calle Cigüeña Blanca (866),a
36.0261217,-5.6063471,2,Calle Gibraltar (513),a
36.0261236,-5.6119806,2,Calle Cigüeña Blanca (865),a
36.0261315,-5.6120216,2,Calle Cigüeña Blanca (858),a
36.0261315,-5.6120216,2,Calle Cigüeña Blanca (863),a
36.0261315,-5.6120216,2,Calle Cigüeña Blanca (864),a
36.026148,-5.6119824,2,Calle Cigüeña Blanca (862),a
36.0261528,-5.6063614,2,Calle Gibraltar (512),a
36.0261616,-5.611943,2,Calle Cigüeña Blanca (861),a
36.0261782,-5.6063879,2,Calle Gibraltar (511),a
36.0261837,-5.6118811,2,Calle Cigüeña Blanca (860),a
36.0261949,-5.6064235,2,Calle Gibraltar (510),a
36.0261951,-5.6118487,2,Calle Cigüeña Blanca (859),a
36.0262188,-5.6118291,2,Calle Batalla del Salado (463),a
36.0262205,-5.6065191,2,Calle Gibraltar (474),a
36.0262544,-5.6066455,2,Calle Gibraltar (475),a
36.0262675,-5.6118004,2,Calle Batalla del Salado (462),a
36.0263155,-5.611696,2,Calle Batalla del Salado (485),a
36.026321,-5.6117928,2,Calle Batalla del Salado (461),a
36.0263866,-5.6116046,2,Calle La Línea de la Concepción (426),a
36.0264024,-5.6117204,2,Calle Batalla del Salado (486),a
36.0264163,-5.6116075,2,Calle La Línea de la Concepción (427),a
36.0264428,-5.6084,2,Calle Los Barrios (296),a
36.0264428,-5.6084,2,Calle Los Barrios (310),a
36.0264428,-5.6084,2,Calle Los Barrios (319),a
36.0264613,-5.6081145,2,Calle Los Barrios (397),a
36.026463,-5.6080887,2,Calle Los Barrios (298),a
36.026463,-5.6080887,2,Calle Los Barrios (311),a
36.0264695,-5.6080047,2,Calle Los Barrios (299),a
36.026476,-5.6080505,2,Calle Los Barrios (312),a
36.0264772,-5.6079155,2,Calle Los Barrios (396),a
36.026484,-5.6078374,2,Calle Los Barrios (395),a
36.0264876,-5.6083132,2,Calle Los Barrios (309),a
36.0264977,-5.6080189,2,Calle Los Barrios (313),a
36.026506,-5.6075828,2,Calle Gibraltar (509),a
36.026506,-5.6075828,2,Calle Los Barrios (300),a
36.026506,-5.6075828,2,Calle San Roque (511),a
36.0265065,-5.6118009,2,Calle Batalla del Salado (460),a
36.0265076,-5.6117459,2,Calle Batalla del Salado (487),a
36.026509,-5.6082858,2,Calle Los Barrios (308),a
36.0265261,-5.607997,2,Calle Los Barrios (314),a
36.0265395,-5.6117803,2,Calle Batalla del Salado (459),a
36.0265395,-5.6117803,2,Calle Batalla del Salado (488),a
36.0265395,-5.6117803,2,Calle Batalla del Salado (496),a
36.0265572,-5.6079869,2,Calle Los Barrios (315),a
36.0265617,-5.6082667,2,Calle Los Barrios (307),a
36.0265894,-5.6079886,2,Calle Los Barrios (316),a
36.0266067,-5.6080125,2,Calle Los Barrios (317),a
36.0266067,-5.6080125,2,Calle San Roque (513),a
36.026626,-5.6082737,2,Calle Los Barrios (306),a
36.0266915,-5.6083507,2,Calle Los Barrios (305),a
36.0266915,-5.6083507,2,Calle San Roque (514),a
36.0268546,-5.611829,2,Calle Batalla del Salado (495),a
36.0269501,-5.6091347,2,Calle San Roque (515),a
36.0270036,-5.611662,2,Calle La Línea de la Concepción (425),a
36.027022,-5.6093222,2,Calle San Roque (516),a
36.0272036,-5.6118613,2,Calle Batalla del Salado (494),a
36.0273371,-5.611687,2,Calle La Línea de la Concepción (428),a
36.0274251,-5.6118733,2,Calle Batalla del Salado (493),a
36.0275954,-5.6118733,2,Calle Batalla del Salado (492),a
36.0277092,-5.6115238,2,Calle San Roque (420),a
36.0277356,-5.6117041,2,Calle La Línea de la Concepción (423),a
36.0277356,-5.6117041,2,Calle San Roque (527),a
36.0277693,-5.6118655,2,Calle Batalla del Salado (491),a
36.0280152,-5.6118236,2,Calle Batalla del Salado (490),a
36.0282637,-5.6117819,2,Calle Batalla del Salado (458),a
36.0282637,-5.6117819,2,Calle Batalla del Salado (489),a
36.0284458,-5.6117468,2,Calle Batalla del Salado (457),a
36.0284458,-5.6117468,2,Calle Batalla del Salado (475),a
36.0285103,-5.6117342,2,Calle Batalla del Salado (474),a
36.0285571,-5.6117517,2,Calle Batalla del Salado (473),a
36.0287701,-5.6117149,2,Calle Batalla del Salado (472),a
36.0289011,-5.6117062,2,Calle Batalla del Salado (471),a
36.0289442,-5.6116865,2,Calle Batalla del Salado (470),a
36.0290076,-5.6116775,2,Calle Batalla del Salado (469),a
36.0290482,-5.6116527,2,Calle Batalla del Salado (468),a
36.0290734,-5.6116334,2,Calle Batalla del Salado (467),a
36.0291054,-5.6115948,2,Calle Batalla del Salado (466),a
36.0291256,-5.6115622,2,Calle Batalla del Salado (465),a
36.0291431,-5.6114998,2,Calle Batalla del Salado (464),a
